strain,arm,participant,log2_fold_change_mfi
A/Puerto Rico/8/1934,Fluarix,397-001,-0.102271994
A/Puerto Rico/8/1934,Fluarix,397-002,-1.137077704
A/Puerto Rico/8/1934,Fluarix,397-005,-0.660477098
A/Puerto Rico/8/1934,Fluarix,397-007,-0.455781586
A/Puerto Rico/8/1934,Fluarix,397-009,-0.056735761
A/Puerto Rico/8/1934,Fluarix,397-011,0.188916822
A/Puerto Rico/8/1934,Fluarix,397-016,-0.42686473
A/Puerto Rico/8/1934,Fluarix,397-018,0.335786137
A/Puerto Rico/8/1934,Fluarix,397-019,1.513955845
A/Puerto Rico/8/1934,Fluarix,397-020,0.91888657
A/Puerto Rico/8/1934,Fluarix,397-022,0.76023101
A/Puerto Rico/8/1934,Fluarix,397-024,0.791985225
A/Puerto Rico/8/1934,Fluarix,397-026,-0.422957436
A/Puerto Rico/8/1934,Fluarix,397-027,0.688663858
A/Puerto Rico/8/1934,Fluarix,397-032,-0.378693487
A/Puerto Rico/8/1934,mRNA-1010,397-003,0.299360338
A/Puerto Rico/8/1934,mRNA-1010,397-006,1.842007297
A/Puerto Rico/8/1934,mRNA-1010,397-008,0.769664118
A/Puerto Rico/8/1934,mRNA-1010,397-010,2.283299712
A/Puerto Rico/8/1934,mRNA-1010,397-014,2.68053652
A/Puerto Rico/8/1934,mRNA-1010,397-015,1.626815602
A/Puerto Rico/8/1934,mRNA-1010,397-017,1.380349117
A/Puerto Rico/8/1934,mRNA-1010,397-021,1.4144667
A/Puerto Rico/8/1934,mRNA-1010,397-023,1.176113015
A/Puerto Rico/8/1934,mRNA-1010,397-025,1.470435013
A/Puerto Rico/8/1934,mRNA-1010,397-028,2.362941477
A/Puerto Rico/8/1934,mRNA-1010,397-029,1.670403344
A/Puerto Rico/8/1934,mRNA-1010,397-030,2.108132932
A/Puerto Rico/8/1934,mRNA-1010,397-031,0.415545308
A/California/04/2009,Fluarix,397-001,0.553641774
A/California/04/2009,Fluarix,397-002,-1.209596148
A/California/04/2009,Fluarix,397-005,0.556719095
A/California/04/2009,Fluarix,397-007,0.141451829
A/California/04/2009,Fluarix,397-009,0
A/California/04/2009,Fluarix,397-011,0.448025602
A/California/04/2009,Fluarix,397-016,-0.015866561
A/California/04/2009,Fluarix,397-018,0.326975406
A/California/04/2009,Fluarix,397-019,6.155244179
A/California/04/2009,Fluarix,397-020,-0.542032219
A/California/04/2009,Fluarix,397-022,1.748201667
A/California/04/2009,Fluarix,397-024,1.143322748
A/California/04/2009,Fluarix,397-026,-0.240385919
A/California/04/2009,Fluarix,397-027,2.612926419
A/California/04/2009,Fluarix,397-032,0.035630642
A/California/04/2009,mRNA-1010,397-003,1.689897061
A/California/04/2009,mRNA-1010,397-006,2.004499877
A/California/04/2009,mRNA-1010,397-008,0.287400011
A/California/04/2009,mRNA-1010,397-010,1.140198152
A/California/04/2009,mRNA-1010,397-014,1.912266021
A/California/04/2009,mRNA-1010,397-015,0.941643579
A/California/04/2009,mRNA-1010,397-017,1.171165911
A/California/04/2009,mRNA-1010,397-021,2.512902516
A/California/04/2009,mRNA-1010,397-023,1.508352165
A/California/04/2009,mRNA-1010,397-025,1.509913931
A/California/04/2009,mRNA-1010,397-028,2.165765163
A/California/04/2009,mRNA-1010,397-029,1.33692909
A/California/04/2009,mRNA-1010,397-030,0.972891996
A/California/04/2009,mRNA-1010,397-031,0.476612748
A/Michigan/45/2015,Fluarix,397-001,0.431779943
A/Michigan/45/2015,Fluarix,397-002,-1.078868992
A/Michigan/45/2015,Fluarix,397-005,0.802801789
A/Michigan/45/2015,Fluarix,397-007,1.006877237
A/Michigan/45/2015,Fluarix,397-009,-0.064262277
A/Michigan/45/2015,Fluarix,397-011,0.520769119
A/Michigan/45/2015,Fluarix,397-016,-0.224328686
A/Michigan/45/2015,Fluarix,397-018,0.271955285
A/Michigan/45/2015,Fluarix,397-019,5.936643857
A/Michigan/45/2015,Fluarix,397-020,0.389298178
A/Michigan/45/2015,Fluarix,397-022,1.750215186
A/Michigan/45/2015,Fluarix,397-024,2.240042363
A/Michigan/45/2015,Fluarix,397-026,-0.212675506
A/Michigan/45/2015,Fluarix,397-027,2.042286359
A/Michigan/45/2015,Fluarix,397-032,0.144688388
A/Michigan/45/2015,mRNA-1010,397-003,2.495002945
A/Michigan/45/2015,mRNA-1010,397-006,3.664059674
A/Michigan/45/2015,mRNA-1010,397-008,0.54635354
A/Michigan/45/2015,mRNA-1010,397-010,1.645923328
A/Michigan/45/2015,mRNA-1010,397-014,2.31541111
A/Michigan/45/2015,mRNA-1010,397-015,1.426712033
A/Michigan/45/2015,mRNA-1010,397-017,1.528871054
A/Michigan/45/2015,mRNA-1010,397-021,2.170003171
A/Michigan/45/2015,mRNA-1010,397-023,1.309018827
A/Michigan/45/2015,mRNA-1010,397-025,1.948129608
A/Michigan/45/2015,mRNA-1010,397-028,2.502040497
A/Michigan/45/2015,mRNA-1010,397-029,1.448447652
A/Michigan/45/2015,mRNA-1010,397-030,1.472194263
A/Michigan/45/2015,mRNA-1010,397-031,0.74859996
A/Brisbane/2/2018,Fluarix,397-001,0.67034033
A/Brisbane/2/2018,Fluarix,397-002,-0.965086157
A/Brisbane/2/2018,Fluarix,397-005,0.572170344
A/Brisbane/2/2018,Fluarix,397-007,1.021954046
A/Brisbane/2/2018,Fluarix,397-009,0.01691877
A/Brisbane/2/2018,Fluarix,397-011,0.604502277
A/Brisbane/2/2018,Fluarix,397-016,-0.147416135
A/Brisbane/2/2018,Fluarix,397-018,0.126867557
A/Brisbane/2/2018,Fluarix,397-019,5.469555135
A/Brisbane/2/2018,Fluarix,397-020,-0.270858215
A/Brisbane/2/2018,Fluarix,397-022,1.748934403
A/Brisbane/2/2018,Fluarix,397-024,1.243608526
A/Brisbane/2/2018,Fluarix,397-026,-0.396358694
A/Brisbane/2/2018,Fluarix,397-027,1.88181862
A/Brisbane/2/2018,Fluarix,397-032,-0.042138016
A/Brisbane/2/2018,mRNA-1010,397-003,2.451291002
A/Brisbane/2/2018,mRNA-1010,397-006,1.855902763
A/Brisbane/2/2018,mRNA-1010,397-008,0.104565754
A/Brisbane/2/2018,mRNA-1010,397-010,0.908635785
A/Brisbane/2/2018,mRNA-1010,397-014,1.136695841
A/Brisbane/2/2018,mRNA-1010,397-015,0.960109408
A/Brisbane/2/2018,mRNA-1010,397-017,0.784946491
A/Brisbane/2/2018,mRNA-1010,397-021,1.819266337
A/Brisbane/2/2018,mRNA-1010,397-023,1.244543259
A/Brisbane/2/2018,mRNA-1010,397-025,0.706640852
A/Brisbane/2/2018,mRNA-1010,397-028,1.769809471
A/Brisbane/2/2018,mRNA-1010,397-029,1.250871479
A/Brisbane/2/2018,mRNA-1010,397-030,0.961371176
A/Brisbane/2/2018,mRNA-1010,397-031,0.193488717
A/Wisconsin/588/2019,Fluarix,397-001,0.681440944
A/Wisconsin/588/2019,Fluarix,397-002,-1.037661727
A/Wisconsin/588/2019,Fluarix,397-005,0.94188429
A/Wisconsin/588/2019,Fluarix,397-007,0.472479974
A/Wisconsin/588/2019,Fluarix,397-009,0.29428534
A/Wisconsin/588/2019,Fluarix,397-011,1.105312817
A/Wisconsin/588/2019,Fluarix,397-016,-0.298034889
A/Wisconsin/588/2019,Fluarix,397-018,0.226979691
A/Wisconsin/588/2019,Fluarix,397-019,5.061469482
A/Wisconsin/588/2019,Fluarix,397-020,0.14504956
A/Wisconsin/588/2019,Fluarix,397-022,2.103377699
A/Wisconsin/588/2019,Fluarix,397-024,1.345518414
A/Wisconsin/588/2019,Fluarix,397-026,-0.348233159
A/Wisconsin/588/2019,Fluarix,397-027,3.513688898
A/Wisconsin/588/2019,Fluarix,397-032,0.159804883
A/Wisconsin/588/2019,mRNA-1010,397-003,2.696464825
A/Wisconsin/588/2019,mRNA-1010,397-006,1.942727764
A/Wisconsin/588/2019,mRNA-1010,397-008,0.988878351
A/Wisconsin/588/2019,mRNA-1010,397-010,1.138901337
A/Wisconsin/588/2019,mRNA-1010,397-014,2.285782029
A/Wisconsin/588/2019,mRNA-1010,397-015,1.141522673
A/Wisconsin/588/2019,mRNA-1010,397-017,2.979279837
A/Wisconsin/588/2019,mRNA-1010,397-021,3.857614122
A/Wisconsin/588/2019,mRNA-1010,397-023,2.220217484
A/Wisconsin/588/2019,mRNA-1010,397-025,2.435542479
A/Wisconsin/588/2019,mRNA-1010,397-028,3.270094681
A/Wisconsin/588/2019,mRNA-1010,397-029,1.385994602
A/Wisconsin/588/2019,mRNA-1010,397-030,1.112277707
A/Wisconsin/588/2019,mRNA-1010,397-031,0.33458134
A/Hawaii/70/2019,Fluarix,397-001,0.600718626
A/Hawaii/70/2019,Fluarix,397-002,-0.790286892
A/Hawaii/70/2019,Fluarix,397-005,0.805841359
A/Hawaii/70/2019,Fluarix,397-007,0.907563865
A/Hawaii/70/2019,Fluarix,397-009,0.017312548
A/Hawaii/70/2019,Fluarix,397-011,0.833973579
A/Hawaii/70/2019,Fluarix,397-016,-0.099327927
A/Hawaii/70/2019,Fluarix,397-018,0.096704083
A/Hawaii/70/2019,Fluarix,397-019,5.43851002
A/Hawaii/70/2019,Fluarix,397-020,0.064609794
A/Hawaii/70/2019,Fluarix,397-022,1.682267724
A/Hawaii/70/2019,Fluarix,397-024,1.001362611
A/Hawaii/70/2019,Fluarix,397-026,-0.28555765
A/Hawaii/70/2019,Fluarix,397-027,1.813960515
A/Hawaii/70/2019,Fluarix,397-032,0.09474049
A/Hawaii/70/2019,mRNA-1010,397-003,2.31644763
A/Hawaii/70/2019,mRNA-1010,397-006,1.059516501
A/Hawaii/70/2019,mRNA-1010,397-008,0.025635927
A/Hawaii/70/2019,mRNA-1010,397-010,0.912455034
A/Hawaii/70/2019,mRNA-1010,397-014,0.75817004
A/Hawaii/70/2019,mRNA-1010,397-015,0.741713071
A/Hawaii/70/2019,mRNA-1010,397-017,0.547670392
A/Hawaii/70/2019,mRNA-1010,397-021,2.40987355
A/Hawaii/70/2019,mRNA-1010,397-023,1.583728305
A/Hawaii/70/2019,mRNA-1010,397-025,2.155583019
A/Hawaii/70/2019,mRNA-1010,397-028,1.743288422
A/Hawaii/70/2019,mRNA-1010,397-029,1.092006314
A/Hawaii/70/2019,mRNA-1010,397-030,0.567989643
A/Hawaii/70/2019,mRNA-1010,397-031,0.101445264
A/Guangdong-Maonan/SWL1536/2019,Fluarix,397-001,0.596171007
A/Guangdong-Maonan/SWL1536/2019,Fluarix,397-002,-0.889809454
A/Guangdong-Maonan/SWL1536/2019,Fluarix,397-005,1.064011748
A/Guangdong-Maonan/SWL1536/2019,Fluarix,397-007,0.455002054
A/Guangdong-Maonan/SWL1536/2019,Fluarix,397-009,0.045424143
A/Guangdong-Maonan/SWL1536/2019,Fluarix,397-011,0.79555365
A/Guangdong-Maonan/SWL1536/2019,Fluarix,397-016,-0.153749245
A/Guangdong-Maonan/SWL1536/2019,Fluarix,397-018,0.174874217
A/Guangdong-Maonan/SWL1536/2019,Fluarix,397-019,5.205999932
A/Guangdong-Maonan/SWL1536/2019,Fluarix,397-020,-0.176466234
A/Guangdong-Maonan/SWL1536/2019,Fluarix,397-022,1.367754634
A/Guangdong-Maonan/SWL1536/2019,Fluarix,397-024,1.192356048
A/Guangdong-Maonan/SWL1536/2019,Fluarix,397-026,-0.313638604
A/Guangdong-Maonan/SWL1536/2019,Fluarix,397-027,2.570273265
A/Guangdong-Maonan/SWL1536/2019,Fluarix,397-032,0.070389328
A/Guangdong-Maonan/SWL1536/2019,mRNA-1010,397-003,2.117248893
A/Guangdong-Maonan/SWL1536/2019,mRNA-1010,397-006,1.944366811
A/Guangdong-Maonan/SWL1536/2019,mRNA-1010,397-008,0.09902308
A/Guangdong-Maonan/SWL1536/2019,mRNA-1010,397-010,2.00023085
A/Guangdong-Maonan/SWL1536/2019,mRNA-1010,397-014,1.044520134
A/Guangdong-Maonan/SWL1536/2019,mRNA-1010,397-015,1.2797489
A/Guangdong-Maonan/SWL1536/2019,mRNA-1010,397-017,0.968664875
A/Guangdong-Maonan/SWL1536/2019,mRNA-1010,397-021,2.612128273
A/Guangdong-Maonan/SWL1536/2019,mRNA-1010,397-023,1.519783249
A/Guangdong-Maonan/SWL1536/2019,mRNA-1010,397-025,2.296222331
A/Guangdong-Maonan/SWL1536/2019,mRNA-1010,397-028,1.971879936
A/Guangdong-Maonan/SWL1536/2019,mRNA-1010,397-029,1.209673235
A/Guangdong-Maonan/SWL1536/2019,mRNA-1010,397-030,1.282523801
A/Guangdong-Maonan/SWL1536/2019,mRNA-1010,397-031,0.267321764
A/Sydney/5/2021,Fluarix,397-001,0.469593881
A/Sydney/5/2021,Fluarix,397-002,-0.949409536
A/Sydney/5/2021,Fluarix,397-005,0.758213963
A/Sydney/5/2021,Fluarix,397-007,0.504061877
A/Sydney/5/2021,Fluarix,397-009,0.572811735
A/Sydney/5/2021,Fluarix,397-011,1.15627528
A/Sydney/5/2021,Fluarix,397-016,-0.494568874
A/Sydney/5/2021,Fluarix,397-018,0.368889038
A/Sydney/5/2021,Fluarix,397-019,3.744321459
A/Sydney/5/2021,Fluarix,397-020,0.032321057
A/Sydney/5/2021,Fluarix,397-022,2.184500037
A/Sydney/5/2021,Fluarix,397-024,1.460703309
A/Sydney/5/2021,Fluarix,397-026,-0.266213915
A/Sydney/5/2021,Fluarix,397-027,3.376518956
A/Sydney/5/2021,Fluarix,397-032,0.091027291
A/Sydney/5/2021,mRNA-1010,397-003,2.806034382
A/Sydney/5/2021,mRNA-1010,397-006,2.426450122
A/Sydney/5/2021,mRNA-1010,397-008,0.832052984
A/Sydney/5/2021,mRNA-1010,397-010,1.796918999
A/Sydney/5/2021,mRNA-1010,397-014,3.427669986
A/Sydney/5/2021,mRNA-1010,397-015,1.683558216
A/Sydney/5/2021,mRNA-1010,397-017,2.470750895
A/Sydney/5/2021,mRNA-1010,397-021,2.474771716
A/Sydney/5/2021,mRNA-1010,397-023,2.631390714
A/Sydney/5/2021,mRNA-1010,397-025,2.089763493
A/Sydney/5/2021,mRNA-1010,397-028,4.006471286
A/Sydney/5/2021,mRNA-1010,397-029,1.841007187
A/Sydney/5/2021,mRNA-1010,397-030,1.869304321
A/Sydney/5/2021,mRNA-1010,397-031,0.632165022
A/Wisconsin/67/2022,Fluarix,397-001,0.419817467
A/Wisconsin/67/2022,Fluarix,397-002,-0.998253276
A/Wisconsin/67/2022,Fluarix,397-005,0.826321688
A/Wisconsin/67/2022,Fluarix,397-007,0.071258683
A/Wisconsin/67/2022,Fluarix,397-009,0.313974911
A/Wisconsin/67/2022,Fluarix,397-011,0.668465703
A/Wisconsin/67/2022,Fluarix,397-016,-0.515677095
A/Wisconsin/67/2022,Fluarix,397-018,0.241284822
A/Wisconsin/67/2022,Fluarix,397-019,3.886823078
A/Wisconsin/67/2022,Fluarix,397-020,-0.005771118
A/Wisconsin/67/2022,Fluarix,397-022,1.703150845
A/Wisconsin/67/2022,Fluarix,397-024,1.423517192
A/Wisconsin/67/2022,Fluarix,397-026,-0.186911568
A/Wisconsin/67/2022,Fluarix,397-027,0.926573305
A/Wisconsin/67/2022,Fluarix,397-032,0.533793729
A/Wisconsin/67/2022,mRNA-1010,397-003,2.315135904
A/Wisconsin/67/2022,mRNA-1010,397-006,1.989440265
A/Wisconsin/67/2022,mRNA-1010,397-008,1.0624533
A/Wisconsin/67/2022,mRNA-1010,397-010,2.705952212
A/Wisconsin/67/2022,mRNA-1010,397-014,3.062677133
A/Wisconsin/67/2022,mRNA-1010,397-015,1.659726688
A/Wisconsin/67/2022,mRNA-1010,397-017,2.792800533
A/Wisconsin/67/2022,mRNA-1010,397-021,2.738677487
A/Wisconsin/67/2022,mRNA-1010,397-023,1.066357973
A/Wisconsin/67/2022,mRNA-1010,397-025,2.365706915
A/Wisconsin/67/2022,mRNA-1010,397-028,3.374983118
A/Wisconsin/67/2022,mRNA-1010,397-029,1.160526191
A/Wisconsin/67/2022,mRNA-1010,397-030,1.776996448
A/Wisconsin/67/2022,mRNA-1010,397-031,0.297132183
