panel,timepoint,arm,participant,measure,value
homologous,wk0,Fluarix,397-001,titer,160
homologous,wk0,Fluarix,397-002,titer,320
homologous,wk0,Fluarix,397-005,titer,160
homologous,wk0,Fluarix,397-007,titer,320
homologous,wk0,Fluarix,397-009,titer,120
homologous,wk0,Fluarix,397-011,titer,60
homologous,wk0,Fluarix,397-016,titer,160
homologous,wk0,Fluarix,397-018,titer,80
homologous,wk0,Fluarix,397-019,titer,80
homologous,wk0,Fluarix,397-020,titer,80
homologous,wk0,Fluarix,397-022,titer,80
homologous,wk0,Fluarix,397-024,titer,160
homologous,wk0,Fluarix,397-026,titer,160
homologous,wk0,Fluarix,397-027,titer,1280
homologous,wk0,Fluarix,397-032,titer,1280
homologous,wk0,mRNA-1010,397-003,titer,80
homologous,wk0,mRNA-1010,397-006,titer,240
homologous,wk0,mRNA-1010,397-008,titer,240
homologous,wk0,mRNA-1010,397-010,titer,120
homologous,wk0,mRNA-1010,397-014,titer,15
homologous,wk0,mRNA-1010,397-015,titer,160
homologous,wk0,mRNA-1010,397-017,titer,160
homologous,wk0,mRNA-1010,397-021,titer,80
homologous,wk0,mRNA-1010,397-023,titer,80
homologous,wk0,mRNA-1010,397-025,titer,80
homologous,wk0,mRNA-1010,397-028,titer,1280
homologous,wk0,mRNA-1010,397-029,titer,120
homologous,wk0,mRNA-1010,397-030,titer,80
homologous,wk0,mRNA-1010,397-031,titer,320
homologous,wk4,Fluarix,397-001,titer,320
homologous,wk4,Fluarix,397-002,titer,480
homologous,wk4,Fluarix,397-005,titer,1280
homologous,wk4,Fluarix,397-007,titer,1280
homologous,wk4,Fluarix,397-009,titer,160
homologous,wk4,Fluarix,397-011,titer,60
homologous,wk4,Fluarix,397-016,titer,160
homologous,wk4,Fluarix,397-018,titer,1280
homologous,wk4,Fluarix,397-019,titer,1280
homologous,wk4,Fluarix,397-020,titer,1280
homologous,wk4,Fluarix,397-022,titer,160
homologous,wk4,Fluarix,397-024,titer,1280
homologous,wk4,Fluarix,397-026,titer,1280
homologous,wk4,Fluarix,397-027,titer,1280
homologous,wk4,Fluarix,397-032,titer,1280
homologous,wk4,mRNA-1010,397-003,titer,320
homologous,wk4,mRNA-1010,397-006,titer,240
homologous,wk4,mRNA-1010,397-008,titer,480
homologous,wk4,mRNA-1010,397-010,titer,120
homologous,wk4,mRNA-1010,397-014,titer,10
homologous,wk4,mRNA-1010,397-015,titer,480
homologous,wk4,mRNA-1010,397-017,titer,320
homologous,wk4,mRNA-1010,397-021,titer,80
homologous,wk4,mRNA-1010,397-023,titer,1280
homologous,wk4,mRNA-1010,397-025,titer,1280
homologous,wk4,mRNA-1010,397-028,titer,1280
homologous,wk4,mRNA-1010,397-029,titer,320
homologous,wk4,mRNA-1010,397-030,titer,320
homologous,wk4,mRNA-1010,397-031,titer,1280
homologous,wk26,Fluarix,397-001,titer,160
homologous,wk26,Fluarix,397-002,titer,320
homologous,wk26,Fluarix,397-005,titer,1280
homologous,wk26,Fluarix,397-007,titer,480
homologous,wk26,Fluarix,397-011,titer,60
homologous,wk26,Fluarix,397-016,titer,160
homologous,wk26,Fluarix,397-019,titer,1280
homologous,wk26,Fluarix,397-020,titer,1280
homologous,wk26,Fluarix,397-022,titer,160
homologous,wk26,Fluarix,397-024,titer,320
homologous,wk26,Fluarix,397-026,titer,320
homologous,wk26,Fluarix,397-027,titer,1280
homologous,wk26,Fluarix,397-032,titer,1280
homologous,wk26,mRNA-1010,397-003,titer,160
homologous,wk26,mRNA-1010,397-006,titer,240
homologous,wk26,mRNA-1010,397-008,titer,320
homologous,wk26,mRNA-1010,397-014,titer,10
homologous,wk26,mRNA-1010,397-015,titer,160
homologous,wk26,mRNA-1010,397-017,titer,160
homologous,wk26,mRNA-1010,397-021,titer,80
homologous,wk26,mRNA-1010,397-025,titer,320
homologous,wk26,mRNA-1010,397-028,titer,1280
homologous,wk26,mRNA-1010,397-029,titer,160
homologous,wk26,mRNA-1010,397-030,titer,160
homologous,wk26,mRNA-1010,397-031,titer,1280
homologous,wk17,Fluarix,397-009,titer,120
homologous,wk17,Fluarix,397-018,titer,1280
homologous,wk17,mRNA-1010,397-010,titer,120
homologous,wk17,mRNA-1010,397-023,titer,1280
heterologous,wk0,Fluarix,397-001,titer,160
heterologous,wk0,Fluarix,397-002,titer,320
heterologous,wk0,Fluarix,397-005,titer,160
heterologous,wk0,Fluarix,397-007,titer,320
heterologous,wk0,Fluarix,397-009,titer,80
heterologous,wk0,Fluarix,397-011,titer,80
heterologous,wk0,Fluarix,397-016,titer,40
heterologous,wk0,Fluarix,397-018,titer,80
heterologous,wk0,Fluarix,397-019,titer,80
heterologous,wk0,Fluarix,397-020,titer,80
heterologous,wk0,Fluarix,397-022,titer,40
heterologous,wk0,Fluarix,397-024,titer,40
heterologous,wk0,Fluarix,397-026,titer,80
heterologous,wk0,Fluarix,397-027,titer,320
heterologous,wk0,Fluarix,397-032,titer,1280
heterologous,wk0,mRNA-1010,397-003,titer,160
heterologous,wk0,mRNA-1010,397-006,titer,80
heterologous,wk0,mRNA-1010,397-008,titer,320
heterologous,wk0,mRNA-1010,397-010,titer,60
heterologous,wk0,mRNA-1010,397-014,titer,10
heterologous,wk0,mRNA-1010,397-015,titer,80
heterologous,wk0,mRNA-1010,397-017,titer,40
heterologous,wk0,mRNA-1010,397-021,titer,10
heterologous,wk0,mRNA-1010,397-023,titer,40
heterologous,wk0,mRNA-1010,397-025,titer,40
heterologous,wk0,mRNA-1010,397-028,titer,240
heterologous,wk0,mRNA-1010,397-029,titer,40
heterologous,wk0,mRNA-1010,397-030,titer,40
heterologous,wk0,mRNA-1010,397-031,titer,80
heterologous,wk4,Fluarix,397-001,titer,320
heterologous,wk4,Fluarix,397-002,titer,320
heterologous,wk4,Fluarix,397-005,titer,640
heterologous,wk4,Fluarix,397-007,titer,640
heterologous,wk4,Fluarix,397-009,titer,160
heterologous,wk4,Fluarix,397-011,titer,80
heterologous,wk4,Fluarix,397-016,titer,80
heterologous,wk4,Fluarix,397-018,titer,640
heterologous,wk4,Fluarix,397-019,titer,1280
heterologous,wk4,Fluarix,397-020,titer,1280
heterologous,wk4,Fluarix,397-022,titer,160
heterologous,wk4,Fluarix,397-024,titer,640
heterologous,wk4,Fluarix,397-026,titer,160
heterologous,wk4,Fluarix,397-027,titer,320
heterologous,wk4,Fluarix,397-032,titer,1280
heterologous,wk4,mRNA-1010,397-003,titer,640
heterologous,wk4,mRNA-1010,397-006,titer,320
heterologous,wk4,mRNA-1010,397-008,titer,960
heterologous,wk4,mRNA-1010,397-010,titer,120
heterologous,wk4,mRNA-1010,397-014,titer,10
heterologous,wk4,mRNA-1010,397-015,titer,320
heterologous,wk4,mRNA-1010,397-017,titer,160
heterologous,wk4,mRNA-1010,397-021,titer,10
heterologous,wk4,mRNA-1010,397-023,titer,640
heterologous,wk4,mRNA-1010,397-025,titer,320
heterologous,wk4,mRNA-1010,397-028,titer,480
heterologous,wk4,mRNA-1010,397-029,titer,160
heterologous,wk4,mRNA-1010,397-030,titer,640
heterologous,wk4,mRNA-1010,397-031,titer,1280
heterologous,wk26,Fluarix,397-001,titer,160
heterologous,wk26,Fluarix,397-002,titer,320
heterologous,wk26,Fluarix,397-005,titer,320
heterologous,wk26,Fluarix,397-007,titer,640
heterologous,wk26,Fluarix,397-011,titer,80
heterologous,wk26,Fluarix,397-016,titer,80
heterologous,wk26,Fluarix,397-019,titer,1280
heterologous,wk26,Fluarix,397-020,titer,1280
heterologous,wk26,Fluarix,397-022,titer,160
heterologous,wk26,Fluarix,397-024,titer,160
heterologous,wk26,Fluarix,397-026,titer,160
heterologous,wk26,Fluarix,397-027,titer,640
heterologous,wk26,Fluarix,397-032,titer,1280
heterologous,wk26,mRNA-1010,397-003,titer,640
heterologous,wk26,mRNA-1010,397-006,titer,160
heterologous,wk26,mRNA-1010,397-008,titer,640
heterologous,wk26,mRNA-1010,397-014,titer,10
heterologous,wk26,mRNA-1010,397-015,titer,80
heterologous,wk26,mRNA-1010,397-017,titer,80
heterologous,wk26,mRNA-1010,397-021,titer,10
heterologous,wk26,mRNA-1010,397-025,titer,240
heterologous,wk26,mRNA-1010,397-028,titer,240
heterologous,wk26,mRNA-1010,397-029,titer,80
heterologous,wk26,mRNA-1010,397-030,titer,320
heterologous,wk26,mRNA-1010,397-031,titer,640
heterologous,wk17,Fluarix,397-009,titer,320
heterologous,wk17,Fluarix,397-018,titer,320
heterologous,wk17,mRNA-1010,397-010,titer,80
heterologous,wk17,mRNA-1010,397-023,titer,80
homologous,wk4,Fluarix,397-001,fold_change,2
homologous,wk4,Fluarix,397-002,fold_change,1.5
homologous,wk4,Fluarix,397-005,fold_change,8
homologous,wk4,Fluarix,397-007,fold_change,4
homologous,wk4,Fluarix,397-009,fold_change,1.333333
homologous,wk4,Fluarix,397-011,fold_change,1
homologous,wk4,Fluarix,397-016,fold_change,1
homologous,wk4,Fluarix,397-018,fold_change,16
homologous,wk4,Fluarix,397-019,fold_change,16
homologous,wk4,Fluarix,397-020,fold_change,16
homologous,wk4,Fluarix,397-022,fold_change,2
homologous,wk4,Fluarix,397-024,fold_change,8
homologous,wk4,Fluarix,397-026,fold_change,8
homologous,wk4,Fluarix,397-027,fold_change,1
homologous,wk4,Fluarix,397-032,fold_change,1
homologous,wk4,mRNA-1010,397-003,fold_change,4
homologous,wk4,mRNA-1010,397-006,fold_change,1
homologous,wk4,mRNA-1010,397-008,fold_change,2
homologous,wk4,mRNA-1010,397-010,fold_change,1
homologous,wk4,mRNA-1010,397-014,fold_change,0.666667
homologous,wk4,mRNA-1010,397-015,fold_change,3
homologous,wk4,mRNA-1010,397-017,fold_change,2
homologous,wk4,mRNA-1010,397-021,fold_change,1
homologous,wk4,mRNA-1010,397-023,fold_change,16
homologous,wk4,mRNA-1010,397-025,fold_change,16
homologous,wk4,mRNA-1010,397-028,fold_change,1
homologous,wk4,mRNA-1010,397-029,fold_change,2.666667
homologous,wk4,mRNA-1010,397-030,fold_change,4
homologous,wk4,mRNA-1010,397-031,fold_change,4
homologous,wk17/26,Fluarix,397-001,fold_change,1
homologous,wk17/26,Fluarix,397-002,fold_change,1
homologous,wk17/26,Fluarix,397-005,fold_change,8
homologous,wk17/26,Fluarix,397-007,fold_change,1.5
homologous,wk17/26,Fluarix,397-009,fold_change,1
homologous,wk17/26,Fluarix,397-011,fold_change,1
homologous,wk17/26,Fluarix,397-016,fold_change,1
homologous,wk17/26,Fluarix,397-018,fold_change,16
homologous,wk17/26,Fluarix,397-019,fold_change,16
homologous,wk17/26,Fluarix,397-020,fold_change,16
homologous,wk17/26,Fluarix,397-022,fold_change,2
homologous,wk17/26,Fluarix,397-024,fold_change,2
homologous,wk17/26,Fluarix,397-026,fold_change,2
homologous,wk17/26,Fluarix,397-027,fold_change,1
homologous,wk17/26,Fluarix,397-032,fold_change,1
homologous,wk17/26,mRNA-1010,397-003,fold_change,2
homologous,wk17/26,mRNA-1010,397-006,fold_change,1
homologous,wk17/26,mRNA-1010,397-008,fold_change,1.333333
homologous,wk17/26,mRNA-1010,397-010,fold_change,1
homologous,wk17/26,mRNA-1010,397-014,fold_change,0.666667
homologous,wk17/26,mRNA-1010,397-015,fold_change,1
homologous,wk17/26,mRNA-1010,397-017,fold_change,1
homologous,wk17/26,mRNA-1010,397-021,fold_change,1
homologous,wk17/26,mRNA-1010,397-023,fold_change,16
homologous,wk17/26,mRNA-1010,397-025,fold_change,4
homologous,wk17/26,mRNA-1010,397-028,fold_change,1
homologous,wk17/26,mRNA-1010,397-029,fold_change,1.333333
homologous,wk17/26,mRNA-1010,397-030,fold_change,2
homologous,wk17/26,mRNA-1010,397-031,fold_change,4
heterologous,wk4,Fluarix,397-001,fold_change,2
heterologous,wk4,Fluarix,397-002,fold_change,1
heterologous,wk4,Fluarix,397-005,fold_change,4
heterologous,wk4,Fluarix,397-007,fold_change,2
heterologous,wk4,Fluarix,397-009,fold_change,2
heterologous,wk4,Fluarix,397-011,fold_change,1
heterologous,wk4,Fluarix,397-016,fold_change,2
heterologous,wk4,Fluarix,397-018,fold_change,8
heterologous,wk4,Fluarix,397-019,fold_change,16
heterologous,wk4,Fluarix,397-020,fold_change,16
heterologous,wk4,Fluarix,397-022,fold_change,4
heterologous,wk4,Fluarix,397-024,fold_change,16
heterologous,wk4,Fluarix,397-026,fold_change,2
heterologous,wk4,Fluarix,397-027,fold_change,1
heterologous,wk4,Fluarix,397-032,fold_change,1
heterologous,wk4,mRNA-1010,397-003,fold_change,4
heterologous,wk4,mRNA-1010,397-006,fold_change,4
heterologous,wk4,mRNA-1010,397-008,fold_change,3
heterologous,wk4,mRNA-1010,397-010,fold_change,2
heterologous,wk4,mRNA-1010,397-014,fold_change,1
heterologous,wk4,mRNA-1010,397-015,fold_change,4
heterologous,wk4,mRNA-1010,397-017,fold_change,4
heterologous,wk4,mRNA-1010,397-021,fold_change,1
heterologous,wk4,mRNA-1010,397-023,fold_change,16
heterologous,wk4,mRNA-1010,397-025,fold_change,8
heterologous,wk4,mRNA-1010,397-028,fold_change,2
heterologous,wk4,mRNA-1010,397-029,fold_change,4
heterologous,wk4,mRNA-1010,397-030,fold_change,16
heterologous,wk4,mRNA-1010,397-031,fold_change,16
heterologous,wk17/26,Fluarix,397-001,fold_change,1
heterologous,wk17/26,Fluarix,397-002,fold_change,1
heterologous,wk17/26,Fluarix,397-005,fold_change,2
heterologous,wk17/26,Fluarix,397-007,fold_change,2
heterologous,wk17/26,Fluarix,397-009,fold_change,4
heterologous,wk17/26,Fluarix,397-011,fold_change,1
heterologous,wk17/26,Fluarix,397-016,fold_change,2
heterologous,wk17/26,Fluarix,397-018,fold_change,4
heterologous,wk17/26,Fluarix,397-019,fold_change,16
heterologous,wk17/26,Fluarix,397-020,fold_change,16
heterologous,wk17/26,Fluarix,397-022,fold_change,4
heterologous,wk17/26,Fluarix,397-024,fold_change,4
heterologous,wk17/26,Fluarix,397-026,fold_change,2
heterologous,wk17/26,Fluarix,397-027,fold_change,2
heterologous,wk17/26,Fluarix,397-032,fold_change,1
heterologous,wk17/26,mRNA-1010,397-003,fold_change,4
heterologous,wk17/26,mRNA-1010,397-006,fold_change,2
heterologous,wk17/26,mRNA-1010,397-008,fold_change,2
heterologous,wk17/26,mRNA-1010,397-010,fold_change,1.333333
heterologous,wk17/26,mRNA-1010,397-014,fold_change,1
heterologous,wk17/26,mRNA-1010,397-015,fold_change,1
heterologous,wk17/26,mRNA-1010,397-017,fold_change,2
heterologous,wk17/26,mRNA-1010,397-021,fold_change,1
heterologous,wk17/26,mRNA-1010,397-023,fold_change,2
heterologous,wk17/26,mRNA-1010,397-025,fold_change,6
heterologous,wk17/26,mRNA-1010,397-028,fold_change,1
heterologous,wk17/26,mRNA-1010,397-029,fold_change,2
heterologous,wk17/26,mRNA-1010,397-030,fold_change,8
heterologous,wk17/26,mRNA-1010,397-031,fold_change,8
