timepoint,arm,participant,pct_plasmablast
wk0,Fluarix,001,0.003286
wk0,Fluarix,005,0.002048
wk0,Fluarix,009,0
wk0,Fluarix,011,0.003814
wk0,Fluarix,018,0.010286
wk0,Fluarix,020,0.003086
wk0,Fluarix,022,0.009446
wk0,Fluarix,024,0.003095
wk0,Fluarix,026,0
wk0,Fluarix,027,0.003871
wk0,Fluarix,032,0.010529
wk0,Fluarix,036,0.000837
wk0,Fluarix,043,0.003
wk0,Fluarix,048,0
wk0,Fluarix,055,0
wk0,mRNA-1010,006,0.004412
wk0,mRNA-1010,017,0
wk0,mRNA-1010,021,0.001908
wk0,mRNA-1010,028,0.009435
wk0,mRNA-1010,029,0.065057
wk0,mRNA-1010,030,0
wk0,mRNA-1010,082,0.000699
wk0,mRNA-1010,083,0
wk0,mRNA-1010,071,0
wk0,mRNA-1010,101,0
wk0,mRNA-1010,073,0
wk0,mRNA-1010,074,0.00444
wk0,mRNA-1010,102,0
wk2,Fluarix,001,0.000697
wk2,Fluarix,005,0.091334
wk2,Fluarix,009,0.091672
wk2,Fluarix,011,0.031008
wk2,Fluarix,018,0.001063
wk2,Fluarix,020,0
wk2,Fluarix,022,0.032226
wk2,Fluarix,024,0.010197
wk2,Fluarix,026,0.825163
wk2,Fluarix,027,0.002604
wk2,Fluarix,032,0.160256
wk2,Fluarix,036,0
wk2,Fluarix,043,0.00318
wk2,Fluarix,048,0.034
wk2,Fluarix,055,0.11
wk2,mRNA-1010,006,1.248328
wk2,mRNA-1010,021,0.00307
wk2,mRNA-1010,028,0.656353
wk2,mRNA-1010,029,2.830313
wk2,mRNA-1010,030,0.104365
wk2,mRNA-1010,082,0
wk2,mRNA-1010,083,0
wk2,mRNA-1010,071,0
wk2,mRNA-1010,101,0.031
wk2,mRNA-1010,073,0.96
wk2,mRNA-1010,074,0.53
wk2,mRNA-1010,102,0.00388
wk8,Fluarix,001,0.001486
wk8,Fluarix,005,0.050369
wk8,Fluarix,009,0.329983
wk8,Fluarix,011,0
wk8,Fluarix,018,0.018262
wk8,Fluarix,020,0.010413
wk8,Fluarix,022,0
wk8,Fluarix,024,0.01666
wk8,Fluarix,026,0
wk8,Fluarix,027,0.045543
wk8,Fluarix,032,0.015838
wk8,Fluarix,036,0
wk8,Fluarix,043,0
wk8,Fluarix,048,0
wk8,Fluarix,055,1.38
wk8,mRNA-1010,006,1.472033
wk8,mRNA-1010,017,0.001208
wk8,mRNA-1010,021,0.006742
wk8,mRNA-1010,028,0.356725
wk8,mRNA-1010,029,3.116141
wk8,mRNA-1010,030,0.176152
wk8,mRNA-1010,082,0.00689
wk8,mRNA-1010,083,0
wk8,mRNA-1010,071,0
wk8,mRNA-1010,101,1.04
wk8,mRNA-1010,073,0.59
wk8,mRNA-1010,074,1.23
wk8,mRNA-1010,102,0.00474
wk17,Fluarix,001,0.009182
wk17,Fluarix,005,0.091012
wk17,Fluarix,009,0.004703
wk17,Fluarix,011,0
wk17,Fluarix,020,0.031335
wk17,Fluarix,022,0.006483
wk17,Fluarix,024,0
wk17,Fluarix,026,0.001557
wk17,Fluarix,032,0.606849
wk17,Fluarix,036,0
wk17,Fluarix,043,0.014
wk17,Fluarix,048,0
wk17,Fluarix,055,0
wk17,mRNA-1010,006,1.74564
wk17,mRNA-1010,017,0.001959
wk17,mRNA-1010,021,0.161355
wk17,mRNA-1010,028,0.214286
wk17,mRNA-1010,029,0.849666
wk17,mRNA-1010,082,0
wk17,mRNA-1010,083,0
wk17,mRNA-1010,071,0
wk17,mRNA-1010,101,1.01
wk17,mRNA-1010,073,0
wk17,mRNA-1010,074,2.17
wk17,mRNA-1010,102,0
wk26,Fluarix,001,0.007679
wk26,Fluarix,005,0.011378
wk26,Fluarix,011,0.003377
wk26,Fluarix,020,0.014112
wk26,Fluarix,022,0
wk26,Fluarix,024,0.007749
wk26,Fluarix,026,0.000862
wk26,Fluarix,032,0
wk26,Fluarix,036,0.00231
wk26,Fluarix,043,0.017
wk26,Fluarix,055,0
wk26,mRNA-1010,006,0.744316
wk26,mRNA-1010,017,0.145173
wk26,mRNA-1010,021,0.019992
wk26,mRNA-1010,028,0.00115
wk26,mRNA-1010,029,4.746629
wk26,mRNA-1010,082,0.025
wk26,mRNA-1010,083,0
wk26,mRNA-1010,071,0
wk26,mRNA-1010,101,0.26
wk26,mRNA-1010,074,1.64
wk26,mRNA-1010,102,0
