timepoint,arm,diversity_index
wk0,mRNA-1010,33.63506
wk0,mRNA-1010,16.33248
wk0,mRNA-1010,33.39397
wk0,mRNA-1010,1.600088
wk0,mRNA-1010,19.91893
wk0,mRNA-1010,52.01925
wk0,mRNA-1010,69.75364
wk0,mRNA-1010,65.22617
wk0,Fluarix,49.62764
wk0,Fluarix,8.782944
wk0,Fluarix,31.92452
wk0,Fluarix,2.96009
wk0,Fluarix,39.67966
wk0,Fluarix,10.73096
wk0,Fluarix,20.64876
wk0,Fluarix,38.98542
wk4,mRNA-1010,70.95271
wk4,mRNA-1010,147.3997
wk4,mRNA-1010,46.68886
wk4,mRNA-1010,53.37087
wk4,mRNA-1010,2.727311
wk4,mRNA-1010,88.91142
wk4,mRNA-1010,70.66564
wk4,mRNA-1010,88.74487
wk4,Fluarix,36.17719
wk4,Fluarix,11.61312
wk4,Fluarix,19.79725
wk4,Fluarix,3.457125
wk4,Fluarix,38.04414
wk4,Fluarix,41.04695
wk4,Fluarix,24.92494
wk4,Fluarix,24.04937
wk17,mRNA-1010,60.12704
wk17,Fluarix,2.194644
wk26,mRNA-1010,69.85432
wk26,mRNA-1010,44.56759
wk26,mRNA-1010,41.89768
wk26,mRNA-1010,40.15704
wk26,mRNA-1010,2.452174
wk26,mRNA-1010,63.49625
wk26,mRNA-1010,74.07421
wk26,Fluarix,36.82858
wk26,Fluarix,10.92883
wk26,Fluarix,6.356083
wk26,Fluarix,37.50388
wk26,Fluarix,29.01669
wk26,Fluarix,20.24903
wk26,Fluarix,30.71288
