antigen,timepoint,arm,participant,measure,value
A/H1,wk0,Fluarix,1,ec50,1381
A/H1,wk0,Fluarix,2,ec50,2448
A/H1,wk0,Fluarix,5,ec50,1768
A/H1,wk0,Fluarix,7,ec50,1688
A/H1,wk0,Fluarix,9,ec50,4269
A/H1,wk0,Fluarix,11,ec50,2819
A/H1,wk0,Fluarix,16,ec50,8449
A/H1,wk0,Fluarix,18,ec50,5982
A/H1,wk0,Fluarix,19,ec50,375.2
A/H1,wk0,Fluarix,20,ec50,444.1
A/H1,wk0,Fluarix,22,ec50,1097
A/H1,wk0,Fluarix,24,ec50,453.4
A/H1,wk0,Fluarix,26,ec50,3301
A/H1,wk0,Fluarix,27,ec50,2377
A/H1,wk0,Fluarix,32,ec50,5844
A/H1,wk0,Fluarix,33,ec50,1927
A/H1,wk0,Fluarix,35,ec50,1700
A/H1,wk0,Fluarix,36,ec50,1766
A/H1,wk0,Fluarix,38,ec50,532.1
A/H1,wk0,Fluarix,39,ec50,1634
A/H1,wk0,Fluarix,40,ec50,1284
A/H1,wk0,Fluarix,41,ec50,1414
A/H1,wk0,Fluarix,43,ec50,750.4
A/H1,wk0,Fluarix,45,ec50,657.6
A/H1,wk0,Fluarix,46,ec50,1878
A/H1,wk0,Fluarix,47,ec50,2251
A/H1,wk0,Fluarix,48,ec50,2473
A/H1,wk0,Fluarix,49,ec50,2348
A/H1,wk0,Fluarix,50,ec50,1408
A/H1,wk0,Fluarix,51,ec50,3243
A/H1,wk0,Fluarix,52,ec50,1388
A/H1,wk0,Fluarix,54,ec50,3176
A/H1,wk0,Fluarix,55,ec50,1092
A/H1,wk0,Fluarix,56,ec50,1254
A/H1,wk0,Fluarix,57,ec50,1729
A/H1,wk0,Fluarix,58,ec50,1053
A/H1,wk0,Fluarix,59,ec50,806.3
A/H1,wk0,mRNA-1010,3,ec50,857.7
A/H1,wk0,mRNA-1010,6,ec50,1481
A/H1,wk0,mRNA-1010,8,ec50,1269
A/H1,wk0,mRNA-1010,10,ec50,1679
A/H1,wk0,mRNA-1010,14,ec50,908.4
A/H1,wk0,mRNA-1010,15,ec50,3149
A/H1,wk0,mRNA-1010,17,ec50,784.2
A/H1,wk0,mRNA-1010,21,ec50,652.6
A/H1,wk0,mRNA-1010,23,ec50,2652
A/H1,wk0,mRNA-1010,25,ec50,761.5
A/H1,wk0,mRNA-1010,28,ec50,1245
A/H1,wk0,mRNA-1010,29,ec50,3070
A/H1,wk0,mRNA-1010,30,ec50,2496
A/H1,wk0,mRNA-1010,31,ec50,12240
A/H1,wk0,mRNA-1010,64,ec50,1133
A/H1,wk0,mRNA-1010,71,ec50,3388
A/H1,wk0,mRNA-1010,73,ec50,223.3
A/H1,wk0,mRNA-1010,74,ec50,498.9
A/H1,wk0,mRNA-1010,75,ec50,539.2
A/H1,wk0,mRNA-1010,76,ec50,1120
A/H1,wk0,mRNA-1010,77,ec50,2916
A/H1,wk0,mRNA-1010,78,ec50,1032
A/H1,wk0,mRNA-1010,79,ec50,5574
A/H1,wk0,mRNA-1010,80,ec50,810.5
A/H1,wk0,mRNA-1010,81,ec50,1338
A/H1,wk0,mRNA-1010,82,ec50,2658
A/H1,wk0,mRNA-1010,83,ec50,1017
A/H1,wk0,mRNA-1010,86,ec50,3973
A/H1,wk0,mRNA-1010,88,ec50,2852
A/H1,wk0,mRNA-1010,89,ec50,2600
A/H1,wk0,mRNA-1010,90,ec50,3283
A/H1,wk0,mRNA-1010,91,ec50,810.3
A/H1,wk0,mRNA-1010,93,ec50,3326
A/H1,wk0,mRNA-1010,95,ec50,671.9
A/H1,wk0,mRNA-1010,99,ec50,1617
A/H1,wk0,mRNA-1010,100,ec50,3815
A/H1,wk0,mRNA-1010,101,ec50,8086
A/H1,wk0,mRNA-1010,102,ec50,1466
A/H1,wk4,Fluarix,1,ec50,1748
A/H1,wk4,Fluarix,2,ec50,2203
A/H1,wk4,Fluarix,5,ec50,10790
A/H1,wk4,Fluarix,7,ec50,3511
A/H1,wk4,Fluarix,9,ec50,9787
A/H1,wk4,Fluarix,11,ec50,7171
A/H1,wk4,Fluarix,16,ec50,7004
A/H1,wk4,Fluarix,18,ec50,10548
A/H1,wk4,Fluarix,19,ec50,12229
A/H1,wk4,Fluarix,20,ec50,542
A/H1,wk4,Fluarix,22,ec50,2766
A/H1,wk4,Fluarix,24,ec50,1474
A/H1,wk4,Fluarix,26,ec50,4363
A/H1,wk4,Fluarix,27,ec50,29263
A/H1,wk4,Fluarix,32,ec50,7418
A/H1,wk4,Fluarix,33,ec50,2489
A/H1,wk4,Fluarix,35,ec50,2245
A/H1,wk4,Fluarix,36,ec50,3100
A/H1,wk4,Fluarix,38,ec50,628.7
A/H1,wk4,Fluarix,39,ec50,3112
A/H1,wk4,Fluarix,40,ec50,1885
A/H1,wk4,Fluarix,41,ec50,5598
A/H1,wk4,Fluarix,43,ec50,697.5
A/H1,wk4,Fluarix,45,ec50,872.5
A/H1,wk4,Fluarix,46,ec50,3487
A/H1,wk4,Fluarix,47,ec50,2870
A/H1,wk4,Fluarix,48,ec50,5609
A/H1,wk4,Fluarix,49,ec50,3557
A/H1,wk4,Fluarix,50,ec50,1617
A/H1,wk4,Fluarix,51,ec50,4899
A/H1,wk4,Fluarix,52,ec50,2426
A/H1,wk4,Fluarix,54,ec50,3709
A/H1,wk4,Fluarix,55,ec50,1998
A/H1,wk4,Fluarix,56,ec50,3681
A/H1,wk4,Fluarix,57,ec50,2248
A/H1,wk4,Fluarix,58,ec50,2232
A/H1,wk4,Fluarix,59,ec50,992.7
A/H1,wk4,mRNA-1010,3,ec50,10085
A/H1,wk4,mRNA-1010,6,ec50,10731
A/H1,wk4,mRNA-1010,8,ec50,3851
A/H1,wk4,mRNA-1010,10,ec50,11621
A/H1,wk4,mRNA-1010,14,ec50,32602
A/H1,wk4,mRNA-1010,15,ec50,10893
A/H1,wk4,mRNA-1010,17,ec50,7004
A/H1,wk4,mRNA-1010,21,ec50,4542
A/H1,wk4,mRNA-1010,23,ec50,9474
A/H1,wk4,mRNA-1010,25,ec50,2978
A/H1,wk4,mRNA-1010,28,ec50,5522
A/H1,wk4,mRNA-1010,29,ec50,16518
A/H1,wk4,mRNA-1010,30,ec50,6145
A/H1,wk4,mRNA-1010,31,ec50,38746
A/H1,wk4,mRNA-1010,64,ec50,8211
A/H1,wk4,mRNA-1010,71,ec50,4958
A/H1,wk4,mRNA-1010,73,ec50,5358
A/H1,wk4,mRNA-1010,74,ec50,2381
A/H1,wk4,mRNA-1010,75,ec50,8923
A/H1,wk4,mRNA-1010,76,ec50,4743
A/H1,wk4,mRNA-1010,77,ec50,11560
A/H1,wk4,mRNA-1010,78,ec50,7157
A/H1,wk4,mRNA-1010,79,ec50,18188
A/H1,wk4,mRNA-1010,80,ec50,5827
A/H1,wk4,mRNA-1010,81,ec50,16725
A/H1,wk4,mRNA-1010,82,ec50,9860
A/H1,wk4,mRNA-1010,83,ec50,5756
A/H1,wk4,mRNA-1010,86,ec50,9402
A/H1,wk4,mRNA-1010,88,ec50,9986
A/H1,wk4,mRNA-1010,89,ec50,10984
A/H1,wk4,mRNA-1010,90,ec50,9251
A/H1,wk4,mRNA-1010,91,ec50,5390
A/H1,wk4,mRNA-1010,93,ec50,11310
A/H1,wk4,mRNA-1010,95,ec50,3221
A/H1,wk4,mRNA-1010,99,ec50,9241
A/H1,wk4,mRNA-1010,100,ec50,14693
A/H1,wk4,mRNA-1010,101,ec50,9869
A/H1,wk4,mRNA-1010,102,ec50,6244
A/H1,wk26,Fluarix,1,ec50,2107
A/H1,wk26,Fluarix,2,ec50,2181
A/H1,wk26,Fluarix,5,ec50,5350
A/H1,wk26,Fluarix,7,ec50,2430
A/H1,wk26,Fluarix,11,ec50,2674
A/H1,wk26,Fluarix,16,ec50,6400
A/H1,wk26,Fluarix,19,ec50,4846
A/H1,wk26,Fluarix,20,ec50,385
A/H1,wk26,Fluarix,22,ec50,2952
A/H1,wk26,Fluarix,24,ec50,662.6
A/H1,wk26,Fluarix,26,ec50,4774
A/H1,wk26,Fluarix,27,ec50,11272
A/H1,wk26,Fluarix,32,ec50,4643
A/H1,wk26,Fluarix,33,ec50,1902
A/H1,wk26,Fluarix,35,ec50,2058
A/H1,wk26,Fluarix,36,ec50,1958
A/H1,wk26,Fluarix,38,ec50,656.8
A/H1,wk26,Fluarix,39,ec50,1909
A/H1,wk26,Fluarix,40,ec50,1511
A/H1,wk26,Fluarix,41,ec50,2024
A/H1,wk26,Fluarix,43,ec50,721.3
A/H1,wk26,Fluarix,45,ec50,774
A/H1,wk26,Fluarix,46,ec50,2538
A/H1,wk26,Fluarix,47,ec50,2434
A/H1,wk26,Fluarix,49,ec50,2773
A/H1,wk26,Fluarix,50,ec50,1481
A/H1,wk26,Fluarix,51,ec50,4613
A/H1,wk26,Fluarix,52,ec50,1572
A/H1,wk26,Fluarix,54,ec50,3734
A/H1,wk26,Fluarix,55,ec50,1454
A/H1,wk26,Fluarix,56,ec50,1255
A/H1,wk26,Fluarix,57,ec50,2298
A/H1,wk26,Fluarix,58,ec50,6165
A/H1,wk26,Fluarix,59,ec50,730
A/H1,wk26,mRNA-1010,3,ec50,3803
A/H1,wk26,mRNA-1010,6,ec50,5589
A/H1,wk26,mRNA-1010,8,ec50,1724
A/H1,wk26,mRNA-1010,14,ec50,9810
A/H1,wk26,mRNA-1010,15,ec50,2923
A/H1,wk26,mRNA-1010,17,ec50,2122
A/H1,wk26,mRNA-1010,21,ec50,1294
A/H1,wk26,mRNA-1010,25,ec50,1746
A/H1,wk26,mRNA-1010,28,ec50,1521
A/H1,wk26,mRNA-1010,29,ec50,4664
A/H1,wk26,mRNA-1010,30,ec50,4530
A/H1,wk26,mRNA-1010,31,ec50,9934
A/H1,wk26,mRNA-1010,64,ec50,2710
A/H1,wk26,mRNA-1010,71,ec50,2726
A/H1,wk26,mRNA-1010,74,ec50,1051
A/H1,wk26,mRNA-1010,75,ec50,3173
A/H1,wk26,mRNA-1010,76,ec50,1756
A/H1,wk26,mRNA-1010,77,ec50,5295
A/H1,wk26,mRNA-1010,78,ec50,2509
A/H1,wk26,mRNA-1010,79,ec50,7725
A/H1,wk26,mRNA-1010,80,ec50,1798
A/H1,wk26,mRNA-1010,81,ec50,4137
A/H1,wk26,mRNA-1010,82,ec50,5265
A/H1,wk26,mRNA-1010,83,ec50,3167
A/H1,wk26,mRNA-1010,86,ec50,6390
A/H1,wk26,mRNA-1010,88,ec50,5249
A/H1,wk26,mRNA-1010,90,ec50,4592
A/H1,wk26,mRNA-1010,91,ec50,1916
A/H1,wk26,mRNA-1010,93,ec50,5348
A/H1,wk26,mRNA-1010,95,ec50,1600
A/H1,wk26,mRNA-1010,99,ec50,6868
A/H1,wk26,mRNA-1010,100,ec50,6973
A/H1,wk26,mRNA-1010,101,ec50,3265
A/H1,wk26,mRNA-1010,102,ec50,2274
A/H1,wk17,Fluarix,9,ec50,4670
A/H1,wk17,Fluarix,18,ec50,6948
A/H1,wk17,Fluarix,48,ec50,4512
A/H1,wk17,mRNA-1010,10,ec50,7146
A/H1,wk17,mRNA-1010,23,ec50,4794
A/H1,wk17,mRNA-1010,73,ec50,2007
A/H1,wk17,mRNA-1010,89,ec50,6964
A/H3,wk0,Fluarix,1,ec50,1780
A/H3,wk0,Fluarix,2,ec50,2230
A/H3,wk0,Fluarix,5,ec50,1096
A/H3,wk0,Fluarix,7,ec50,2496
A/H3,wk0,Fluarix,9,ec50,658.5
A/H3,wk0,Fluarix,11,ec50,602.8
A/H3,wk0,Fluarix,16,ec50,1753
A/H3,wk0,Fluarix,18,ec50,1856
A/H3,wk0,Fluarix,19,ec50,975.9
A/H3,wk0,Fluarix,20,ec50,762.1
A/H3,wk0,Fluarix,22,ec50,1095
A/H3,wk0,Fluarix,24,ec50,1767
A/H3,wk0,Fluarix,26,ec50,778.3
A/H3,wk0,Fluarix,27,ec50,7280
A/H3,wk0,Fluarix,32,ec50,764.9
A/H3,wk0,Fluarix,33,ec50,1128
A/H3,wk0,Fluarix,35,ec50,2706
A/H3,wk0,Fluarix,36,ec50,896.9
A/H3,wk0,Fluarix,38,ec50,2051
A/H3,wk0,Fluarix,39,ec50,1037
A/H3,wk0,Fluarix,40,ec50,501.8
A/H3,wk0,Fluarix,41,ec50,2015
A/H3,wk0,Fluarix,43,ec50,391.5
A/H3,wk0,Fluarix,45,ec50,215
A/H3,wk0,Fluarix,46,ec50,1822
A/H3,wk0,Fluarix,47,ec50,1540
A/H3,wk0,Fluarix,48,ec50,1185
A/H3,wk0,Fluarix,49,ec50,1856
A/H3,wk0,Fluarix,50,ec50,637
A/H3,wk0,Fluarix,51,ec50,5742
A/H3,wk0,Fluarix,52,ec50,1267
A/H3,wk0,Fluarix,54,ec50,6636
A/H3,wk0,Fluarix,55,ec50,636.2
A/H3,wk0,Fluarix,56,ec50,774.8
A/H3,wk0,Fluarix,57,ec50,1706
A/H3,wk0,Fluarix,58,ec50,2948
A/H3,wk0,Fluarix,59,ec50,1087
A/H3,wk0,mRNA-1010,3,ec50,958.5
A/H3,wk0,mRNA-1010,6,ec50,709.3
A/H3,wk0,mRNA-1010,8,ec50,1984
A/H3,wk0,mRNA-1010,10,ec50,531.1
A/H3,wk0,mRNA-1010,14,ec50,1128
A/H3,wk0,mRNA-1010,15,ec50,1694
A/H3,wk0,mRNA-1010,17,ec50,881.3
A/H3,wk0,mRNA-1010,21,ec50,920.4
A/H3,wk0,mRNA-1010,23,ec50,1092
A/H3,wk0,mRNA-1010,25,ec50,786.8
A/H3,wk0,mRNA-1010,28,ec50,1967
A/H3,wk0,mRNA-1010,29,ec50,543.1
A/H3,wk0,mRNA-1010,30,ec50,483.3
A/H3,wk0,mRNA-1010,31,ec50,2068
A/H3,wk0,mRNA-1010,64,ec50,1923
A/H3,wk0,mRNA-1010,71,ec50,3379
A/H3,wk0,mRNA-1010,73,ec50,54.28
A/H3,wk0,mRNA-1010,74,ec50,623.5
A/H3,wk0,mRNA-1010,75,ec50,448
A/H3,wk0,mRNA-1010,76,ec50,1149
A/H3,wk0,mRNA-1010,77,ec50,1438
A/H3,wk0,mRNA-1010,78,ec50,1189
A/H3,wk0,mRNA-1010,79,ec50,734.9
A/H3,wk0,mRNA-1010,80,ec50,1228
A/H3,wk0,mRNA-1010,81,ec50,221.5
A/H3,wk0,mRNA-1010,82,ec50,1175
A/H3,wk0,mRNA-1010,83,ec50,474.2
A/H3,wk0,mRNA-1010,86,ec50,1683
A/H3,wk0,mRNA-1010,88,ec50,3288
A/H3,wk0,mRNA-1010,89,ec50,3690
A/H3,wk0,mRNA-1010,90,ec50,1107
A/H3,wk0,mRNA-1010,91,ec50,1188
A/H3,wk0,mRNA-1010,93,ec50,1806
A/H3,wk0,mRNA-1010,95,ec50,1901
A/H3,wk0,mRNA-1010,99,ec50,922.6
A/H3,wk0,mRNA-1010,100,ec50,876.7
A/H3,wk0,mRNA-1010,101,ec50,5646
A/H3,wk0,mRNA-1010,102,ec50,557.7
A/H3,wk4,Fluarix,1,ec50,1509
A/H3,wk4,Fluarix,2,ec50,3551
A/H3,wk4,Fluarix,5,ec50,2310
A/H3,wk4,Fluarix,7,ec50,2972
A/H3,wk4,Fluarix,9,ec50,816
A/H3,wk4,Fluarix,11,ec50,830.5
A/H3,wk4,Fluarix,16,ec50,2401
A/H3,wk4,Fluarix,18,ec50,4252
A/H3,wk4,Fluarix,19,ec50,4408
A/H3,wk4,Fluarix,20,ec50,10835
A/H3,wk4,Fluarix,22,ec50,2191
A/H3,wk4,Fluarix,24,ec50,9551
A/H3,wk4,Fluarix,26,ec50,2035
A/H3,wk4,Fluarix,27,ec50,7558
A/H3,wk4,Fluarix,32,ec50,6268
A/H3,wk4,Fluarix,33,ec50,2062
A/H3,wk4,Fluarix,35,ec50,4329
A/H3,wk4,Fluarix,36,ec50,2013
A/H3,wk4,Fluarix,38,ec50,2969
A/H3,wk4,Fluarix,39,ec50,1652
A/H3,wk4,Fluarix,40,ec50,988.2
A/H3,wk4,Fluarix,41,ec50,3096
A/H3,wk4,Fluarix,43,ec50,554.8
A/H3,wk4,Fluarix,45,ec50,914.1
A/H3,wk4,Fluarix,46,ec50,2541
A/H3,wk4,Fluarix,47,ec50,3012
A/H3,wk4,Fluarix,48,ec50,3626
A/H3,wk4,Fluarix,49,ec50,5101
A/H3,wk4,Fluarix,50,ec50,823.3
A/H3,wk4,Fluarix,51,ec50,8499
A/H3,wk4,Fluarix,52,ec50,3336
A/H3,wk4,Fluarix,54,ec50,7139
A/H3,wk4,Fluarix,55,ec50,1488
A/H3,wk4,Fluarix,56,ec50,2368
A/H3,wk4,Fluarix,57,ec50,2526
A/H3,wk4,Fluarix,58,ec50,3154
A/H3,wk4,Fluarix,59,ec50,1173
A/H3,wk4,mRNA-1010,3,ec50,7870
A/H3,wk4,mRNA-1010,6,ec50,13257
A/H3,wk4,mRNA-1010,8,ec50,7389
A/H3,wk4,mRNA-1010,10,ec50,5065
A/H3,wk4,mRNA-1010,14,ec50,33049
A/H3,wk4,mRNA-1010,15,ec50,4637
A/H3,wk4,mRNA-1010,17,ec50,4678
A/H3,wk4,mRNA-1010,21,ec50,8657
A/H3,wk4,mRNA-1010,23,ec50,40386
A/H3,wk4,mRNA-1010,25,ec50,4589
A/H3,wk4,mRNA-1010,28,ec50,6607
A/H3,wk4,mRNA-1010,29,ec50,10035
A/H3,wk4,mRNA-1010,30,ec50,3963
A/H3,wk4,mRNA-1010,31,ec50,14150
A/H3,wk4,mRNA-1010,64,ec50,4480
A/H3,wk4,mRNA-1010,71,ec50,8620
A/H3,wk4,mRNA-1010,73,ec50,6502
A/H3,wk4,mRNA-1010,74,ec50,4604
A/H3,wk4,mRNA-1010,75,ec50,20843
A/H3,wk4,mRNA-1010,76,ec50,5302
A/H3,wk4,mRNA-1010,77,ec50,11212
A/H3,wk4,mRNA-1010,78,ec50,9119
A/H3,wk4,mRNA-1010,79,ec50,14599
A/H3,wk4,mRNA-1010,80,ec50,7003
A/H3,wk4,mRNA-1010,81,ec50,3109
A/H3,wk4,mRNA-1010,82,ec50,5247
A/H3,wk4,mRNA-1010,83,ec50,1698
A/H3,wk4,mRNA-1010,86,ec50,15905
A/H3,wk4,mRNA-1010,88,ec50,11488
A/H3,wk4,mRNA-1010,89,ec50,16942
A/H3,wk4,mRNA-1010,90,ec50,4386
A/H3,wk4,mRNA-1010,91,ec50,12039
A/H3,wk4,mRNA-1010,93,ec50,5815
A/H3,wk4,mRNA-1010,95,ec50,7581
A/H3,wk4,mRNA-1010,99,ec50,10580
A/H3,wk4,mRNA-1010,100,ec50,8129
A/H3,wk4,mRNA-1010,101,ec50,4221
A/H3,wk4,mRNA-1010,102,ec50,9468
A/H3,wk26,Fluarix,1,ec50,2253
A/H3,wk26,Fluarix,2,ec50,2615
A/H3,wk26,Fluarix,5,ec50,2374
A/H3,wk26,Fluarix,7,ec50,3358
A/H3,wk26,Fluarix,11,ec50,762.2
A/H3,wk26,Fluarix,16,ec50,3412
A/H3,wk26,Fluarix,19,ec50,4452
A/H3,wk26,Fluarix,20,ec50,6165
A/H3,wk26,Fluarix,22,ec50,1784
A/H3,wk26,Fluarix,24,ec50,5901
A/H3,wk26,Fluarix,26,ec50,1081
A/H3,wk26,Fluarix,27,ec50,6082
A/H3,wk26,Fluarix,32,ec50,3429
A/H3,wk26,Fluarix,33,ec50,1766
A/H3,wk26,Fluarix,35,ec50,2990
A/H3,wk26,Fluarix,36,ec50,1172
A/H3,wk26,Fluarix,38,ec50,2099
A/H3,wk26,Fluarix,39,ec50,2076
A/H3,wk26,Fluarix,40,ec50,600.6
A/H3,wk26,Fluarix,41,ec50,2503
A/H3,wk26,Fluarix,43,ec50,239.9
A/H3,wk26,Fluarix,45,ec50,610.7
A/H3,wk26,Fluarix,46,ec50,2079
A/H3,wk26,Fluarix,47,ec50,1604
A/H3,wk26,Fluarix,49,ec50,2549
A/H3,wk26,Fluarix,50,ec50,814.1
A/H3,wk26,Fluarix,51,ec50,11470
A/H3,wk26,Fluarix,52,ec50,1841
A/H3,wk26,Fluarix,54,ec50,5527
A/H3,wk26,Fluarix,55,ec50,1028
A/H3,wk26,Fluarix,56,ec50,920.8
A/H3,wk26,Fluarix,57,ec50,2023
A/H3,wk26,Fluarix,58,ec50,3127
A/H3,wk26,Fluarix,59,ec50,1289
A/H3,wk26,mRNA-1010,3,ec50,7729
A/H3,wk26,mRNA-1010,6,ec50,7166
A/H3,wk26,mRNA-1010,8,ec50,3420
A/H3,wk26,mRNA-1010,14,ec50,9209
A/H3,wk26,mRNA-1010,15,ec50,2132
A/H3,wk26,mRNA-1010,17,ec50,1769
A/H3,wk26,mRNA-1010,21,ec50,2424
A/H3,wk26,mRNA-1010,25,ec50,4416
A/H3,wk26,mRNA-1010,28,ec50,2658
A/H3,wk26,mRNA-1010,29,ec50,2469
A/H3,wk26,mRNA-1010,30,ec50,1712
A/H3,wk26,mRNA-1010,31,ec50,5582
A/H3,wk26,mRNA-1010,64,ec50,2826
A/H3,wk26,mRNA-1010,71,ec50,4095
A/H3,wk26,mRNA-1010,74,ec50,1612
A/H3,wk26,mRNA-1010,75,ec50,5638
A/H3,wk26,mRNA-1010,76,ec50,1747
A/H3,wk26,mRNA-1010,77,ec50,6271
A/H3,wk26,mRNA-1010,78,ec50,2816
A/H3,wk26,mRNA-1010,79,ec50,6625
A/H3,wk26,mRNA-1010,80,ec50,2111
A/H3,wk26,mRNA-1010,81,ec50,872
A/H3,wk26,mRNA-1010,82,ec50,2955
A/H3,wk26,mRNA-1010,83,ec50,1045
A/H3,wk26,mRNA-1010,86,ec50,12401
A/H3,wk26,mRNA-1010,88,ec50,7566
A/H3,wk26,mRNA-1010,90,ec50,1979
A/H3,wk26,mRNA-1010,91,ec50,2966
A/H3,wk26,mRNA-1010,93,ec50,5787
A/H3,wk26,mRNA-1010,95,ec50,4189
A/H3,wk26,mRNA-1010,99,ec50,8312
A/H3,wk26,mRNA-1010,100,ec50,4701
A/H3,wk26,mRNA-1010,101,ec50,4162
A/H3,wk26,mRNA-1010,102,ec50,3695
A/H3,wk17,Fluarix,9,ec50,618.9
A/H3,wk17,Fluarix,18,ec50,3102
A/H3,wk17,Fluarix,48,ec50,1974
A/H3,wk17,mRNA-1010,10,ec50,5308
A/H3,wk17,mRNA-1010,23,ec50,6346
A/H3,wk17,mRNA-1010,73,ec50,2040
A/H3,wk17,mRNA-1010,89,ec50,6236
B/Yam,wk0,Fluarix,1,ec50,1303
B/Yam,wk0,Fluarix,2,ec50,3068
B/Yam,wk0,Fluarix,5,ec50,1415
B/Yam,wk0,Fluarix,7,ec50,2099
B/Yam,wk0,Fluarix,9,ec50,3048
B/Yam,wk0,Fluarix,11,ec50,323.7
B/Yam,wk0,Fluarix,16,ec50,7843
B/Yam,wk0,Fluarix,18,ec50,17097
B/Yam,wk0,Fluarix,19,ec50,1415
B/Yam,wk0,Fluarix,20,ec50,4669
B/Yam,wk0,Fluarix,22,ec50,1036
B/Yam,wk0,Fluarix,24,ec50,2352
B/Yam,wk0,Fluarix,26,ec50,1393
B/Yam,wk0,Fluarix,27,ec50,2473
B/Yam,wk0,Fluarix,32,ec50,2151
B/Yam,wk0,Fluarix,33,ec50,937.7
B/Yam,wk0,Fluarix,35,ec50,5096
B/Yam,wk0,Fluarix,36,ec50,356.8
B/Yam,wk0,Fluarix,38,ec50,396.9
B/Yam,wk0,Fluarix,39,ec50,553.7
B/Yam,wk0,Fluarix,40,ec50,1544
B/Yam,wk0,Fluarix,41,ec50,533
B/Yam,wk0,Fluarix,43,ec50,1871
B/Yam,wk0,Fluarix,45,ec50,2340
B/Yam,wk0,Fluarix,46,ec50,1132
B/Yam,wk0,Fluarix,47,ec50,205.5
B/Yam,wk0,Fluarix,48,ec50,704.7
B/Yam,wk0,Fluarix,49,ec50,2297
B/Yam,wk0,Fluarix,50,ec50,1170
B/Yam,wk0,Fluarix,51,ec50,1896
B/Yam,wk0,Fluarix,52,ec50,620.6
B/Yam,wk0,Fluarix,54,ec50,10176
B/Yam,wk0,Fluarix,55,ec50,1057
B/Yam,wk0,Fluarix,56,ec50,266.3
B/Yam,wk0,Fluarix,57,ec50,1821
B/Yam,wk0,Fluarix,58,ec50,2033
B/Yam,wk0,Fluarix,59,ec50,2352
B/Yam,wk0,mRNA-1010,3,ec50,923.8
B/Yam,wk0,mRNA-1010,6,ec50,352.1
B/Yam,wk0,mRNA-1010,8,ec50,1617
B/Yam,wk0,mRNA-1010,10,ec50,1397
B/Yam,wk0,mRNA-1010,14,ec50,3037
B/Yam,wk0,mRNA-1010,15,ec50,3176
B/Yam,wk0,mRNA-1010,17,ec50,2353
B/Yam,wk0,mRNA-1010,21,ec50,3269
B/Yam,wk0,mRNA-1010,23,ec50,2306
B/Yam,wk0,mRNA-1010,25,ec50,1813
B/Yam,wk0,mRNA-1010,28,ec50,1613
B/Yam,wk0,mRNA-1010,29,ec50,233.3
B/Yam,wk0,mRNA-1010,30,ec50,484.3
B/Yam,wk0,mRNA-1010,31,ec50,1759
B/Yam,wk0,mRNA-1010,64,ec50,754.7
B/Yam,wk0,mRNA-1010,71,ec50,6795
B/Yam,wk0,mRNA-1010,73,ec50,422.8
B/Yam,wk0,mRNA-1010,74,ec50,337.9
B/Yam,wk0,mRNA-1010,75,ec50,2089
B/Yam,wk0,mRNA-1010,76,ec50,1793
B/Yam,wk0,mRNA-1010,77,ec50,2242
B/Yam,wk0,mRNA-1010,78,ec50,890.9
B/Yam,wk0,mRNA-1010,79,ec50,3687
B/Yam,wk0,mRNA-1010,80,ec50,571.9
B/Yam,wk0,mRNA-1010,81,ec50,995.2
B/Yam,wk0,mRNA-1010,82,ec50,2507
B/Yam,wk0,mRNA-1010,83,ec50,4526
B/Yam,wk0,mRNA-1010,86,ec50,1594
B/Yam,wk0,mRNA-1010,88,ec50,4110
B/Yam,wk0,mRNA-1010,89,ec50,350.6
B/Yam,wk0,mRNA-1010,90,ec50,2345
B/Yam,wk0,mRNA-1010,91,ec50,2027
B/Yam,wk0,mRNA-1010,93,ec50,2265
B/Yam,wk0,mRNA-1010,95,ec50,13812
B/Yam,wk0,mRNA-1010,99,ec50,6642
B/Yam,wk0,mRNA-1010,100,ec50,2331
B/Yam,wk0,mRNA-1010,101,ec50,8694
B/Yam,wk0,mRNA-1010,102,ec50,647.8
B/Yam,wk4,Fluarix,1,ec50,4180
B/Yam,wk4,Fluarix,2,ec50,3534
B/Yam,wk4,Fluarix,5,ec50,5811
B/Yam,wk4,Fluarix,7,ec50,2191
B/Yam,wk4,Fluarix,9,ec50,6576
B/Yam,wk4,Fluarix,11,ec50,944.2
B/Yam,wk4,Fluarix,16,ec50,6193
B/Yam,wk4,Fluarix,18,ec50,19705
B/Yam,wk4,Fluarix,19,ec50,21377
B/Yam,wk4,Fluarix,20,ec50,6170
B/Yam,wk4,Fluarix,22,ec50,2155
B/Yam,wk4,Fluarix,24,ec50,5403
B/Yam,wk4,Fluarix,26,ec50,2374
B/Yam,wk4,Fluarix,27,ec50,4687
B/Yam,wk4,Fluarix,32,ec50,6072
B/Yam,wk4,Fluarix,33,ec50,1453
B/Yam,wk4,Fluarix,35,ec50,6335
B/Yam,wk4,Fluarix,36,ec50,1104
B/Yam,wk4,Fluarix,38,ec50,566.6
B/Yam,wk4,Fluarix,39,ec50,1791
B/Yam,wk4,Fluarix,40,ec50,1535
B/Yam,wk4,Fluarix,41,ec50,5171
B/Yam,wk4,Fluarix,43,ec50,2715
B/Yam,wk4,Fluarix,45,ec50,3497
B/Yam,wk4,Fluarix,46,ec50,1687
B/Yam,wk4,Fluarix,47,ec50,511.3
B/Yam,wk4,Fluarix,48,ec50,3223
B/Yam,wk4,Fluarix,49,ec50,3647
B/Yam,wk4,Fluarix,50,ec50,2297
B/Yam,wk4,Fluarix,51,ec50,2892
B/Yam,wk4,Fluarix,52,ec50,1733
B/Yam,wk4,Fluarix,54,ec50,11671
B/Yam,wk4,Fluarix,55,ec50,1572
B/Yam,wk4,Fluarix,56,ec50,1854
B/Yam,wk4,Fluarix,57,ec50,2173
B/Yam,wk4,Fluarix,58,ec50,2638
B/Yam,wk4,Fluarix,59,ec50,2749
B/Yam,wk4,mRNA-1010,3,ec50,2273
B/Yam,wk4,mRNA-1010,6,ec50,3501
B/Yam,wk4,mRNA-1010,8,ec50,2423
B/Yam,wk4,mRNA-1010,10,ec50,4182
B/Yam,wk4,mRNA-1010,14,ec50,7743
B/Yam,wk4,mRNA-1010,15,ec50,5745
B/Yam,wk4,mRNA-1010,17,ec50,3926
B/Yam,wk4,mRNA-1010,21,ec50,8602
B/Yam,wk4,mRNA-1010,23,ec50,5355
B/Yam,wk4,mRNA-1010,25,ec50,3387
B/Yam,wk4,mRNA-1010,28,ec50,5957
B/Yam,wk4,mRNA-1010,29,ec50,1460
B/Yam,wk4,mRNA-1010,30,ec50,1011
B/Yam,wk4,mRNA-1010,31,ec50,3306
B/Yam,wk4,mRNA-1010,64,ec50,4498
B/Yam,wk4,mRNA-1010,71,ec50,8195
B/Yam,wk4,mRNA-1010,73,ec50,3503
B/Yam,wk4,mRNA-1010,74,ec50,1508
B/Yam,wk4,mRNA-1010,75,ec50,8410
B/Yam,wk4,mRNA-1010,76,ec50,4822
B/Yam,wk4,mRNA-1010,77,ec50,3985
B/Yam,wk4,mRNA-1010,78,ec50,4426
B/Yam,wk4,mRNA-1010,79,ec50,13045
B/Yam,wk4,mRNA-1010,80,ec50,2348
B/Yam,wk4,mRNA-1010,81,ec50,4143
B/Yam,wk4,mRNA-1010,82,ec50,5992
B/Yam,wk4,mRNA-1010,83,ec50,7398
B/Yam,wk4,mRNA-1010,86,ec50,2769
B/Yam,wk4,mRNA-1010,88,ec50,7868
B/Yam,wk4,mRNA-1010,89,ec50,1807
B/Yam,wk4,mRNA-1010,90,ec50,6682
B/Yam,wk4,mRNA-1010,91,ec50,5774
B/Yam,wk4,mRNA-1010,93,ec50,3836
B/Yam,wk4,mRNA-1010,95,ec50,10003
B/Yam,wk4,mRNA-1010,99,ec50,12976
B/Yam,wk4,mRNA-1010,100,ec50,8049
B/Yam,wk4,mRNA-1010,101,ec50,5012
B/Yam,wk4,mRNA-1010,102,ec50,2809
B/Yam,wk26,Fluarix,1,ec50,3390
B/Yam,wk26,Fluarix,2,ec50,2896
B/Yam,wk26,Fluarix,5,ec50,3811
B/Yam,wk26,Fluarix,7,ec50,1981
B/Yam,wk26,Fluarix,11,ec50,412.1
B/Yam,wk26,Fluarix,16,ec50,4222
B/Yam,wk26,Fluarix,19,ec50,13311
B/Yam,wk26,Fluarix,20,ec50,3914
B/Yam,wk26,Fluarix,22,ec50,1608
B/Yam,wk26,Fluarix,24,ec50,2835
B/Yam,wk26,Fluarix,26,ec50,1806
B/Yam,wk26,Fluarix,27,ec50,3588
B/Yam,wk26,Fluarix,32,ec50,3760
B/Yam,wk26,Fluarix,33,ec50,1074
B/Yam,wk26,Fluarix,35,ec50,6352
B/Yam,wk26,Fluarix,36,ec50,821.5
B/Yam,wk26,Fluarix,38,ec50,323.9
B/Yam,wk26,Fluarix,39,ec50,961
B/Yam,wk26,Fluarix,40,ec50,1504
B/Yam,wk26,Fluarix,41,ec50,1895
B/Yam,wk26,Fluarix,43,ec50,2006
B/Yam,wk26,Fluarix,45,ec50,3133
B/Yam,wk26,Fluarix,46,ec50,1024
B/Yam,wk26,Fluarix,47,ec50,217.1
B/Yam,wk26,Fluarix,49,ec50,2157
B/Yam,wk26,Fluarix,50,ec50,2140
B/Yam,wk26,Fluarix,51,ec50,2562
B/Yam,wk26,Fluarix,52,ec50,1004
B/Yam,wk26,Fluarix,54,ec50,9377
B/Yam,wk26,Fluarix,55,ec50,1487
B/Yam,wk26,Fluarix,56,ec50,726.7
B/Yam,wk26,Fluarix,57,ec50,1703
B/Yam,wk26,Fluarix,58,ec50,2915
B/Yam,wk26,Fluarix,59,ec50,2565
B/Yam,wk26,mRNA-1010,3,ec50,1567
B/Yam,wk26,mRNA-1010,6,ec50,1429
B/Yam,wk26,mRNA-1010,8,ec50,1424
B/Yam,wk26,mRNA-1010,14,ec50,4895
B/Yam,wk26,mRNA-1010,15,ec50,2465
B/Yam,wk26,mRNA-1010,17,ec50,1985
B/Yam,wk26,mRNA-1010,21,ec50,4998
B/Yam,wk26,mRNA-1010,25,ec50,2655
B/Yam,wk26,mRNA-1010,28,ec50,2050
B/Yam,wk26,mRNA-1010,29,ec50,1007
B/Yam,wk26,mRNA-1010,30,ec50,702.8
B/Yam,wk26,mRNA-1010,31,ec50,2012
B/Yam,wk26,mRNA-1010,64,ec50,1661
B/Yam,wk26,mRNA-1010,71,ec50,6975
B/Yam,wk26,mRNA-1010,74,ec50,954.2
B/Yam,wk26,mRNA-1010,75,ec50,3660
B/Yam,wk26,mRNA-1010,76,ec50,2364
B/Yam,wk26,mRNA-1010,77,ec50,4088
B/Yam,wk26,mRNA-1010,78,ec50,1273
B/Yam,wk26,mRNA-1010,79,ec50,7461
B/Yam,wk26,mRNA-1010,80,ec50,688.9
B/Yam,wk26,mRNA-1010,81,ec50,1386
B/Yam,wk26,mRNA-1010,82,ec50,3440
B/Yam,wk26,mRNA-1010,83,ec50,4713
B/Yam,wk26,mRNA-1010,86,ec50,1733
B/Yam,wk26,mRNA-1010,88,ec50,4698
B/Yam,wk26,mRNA-1010,90,ec50,4393
B/Yam,wk26,mRNA-1010,91,ec50,2827
B/Yam,wk26,mRNA-1010,93,ec50,2432
B/Yam,wk26,mRNA-1010,95,ec50,11105
B/Yam,wk26,mRNA-1010,99,ec50,10734
B/Yam,wk26,mRNA-1010,100,ec50,3400
B/Yam,wk26,mRNA-1010,101,ec50,3352
B/Yam,wk26,mRNA-1010,102,ec50,912.3
B/Yam,wk17,Fluarix,9,ec50,4508
B/Yam,wk17,Fluarix,18,ec50,16479
B/Yam,wk17,Fluarix,48,ec50,1787
B/Yam,wk17,mRNA-1010,10,ec50,2111
B/Yam,wk17,mRNA-1010,23,ec50,3172
B/Yam,wk17,mRNA-1010,73,ec50,1434
B/Yam,wk17,mRNA-1010,89,ec50,921.6
B/Vic,wk0,Fluarix,1,ec50,3275
B/Vic,wk0,Fluarix,2,ec50,3327
B/Vic,wk0,Fluarix,5,ec50,859
B/Vic,wk0,Fluarix,7,ec50,915.1
B/Vic,wk0,Fluarix,9,ec50,2638
B/Vic,wk0,Fluarix,11,ec50,1331
B/Vic,wk0,Fluarix,16,ec50,3568
B/Vic,wk0,Fluarix,18,ec50,3721
B/Vic,wk0,Fluarix,19,ec50,2456
B/Vic,wk0,Fluarix,20,ec50,1589
B/Vic,wk0,Fluarix,22,ec50,1277
B/Vic,wk0,Fluarix,24,ec50,996.5
B/Vic,wk0,Fluarix,26,ec50,727
B/Vic,wk0,Fluarix,27,ec50,4085
B/Vic,wk0,Fluarix,32,ec50,1088
B/Vic,wk0,Fluarix,33,ec50,981
B/Vic,wk0,Fluarix,35,ec50,3467
B/Vic,wk0,Fluarix,36,ec50,443.9
B/Vic,wk0,Fluarix,38,ec50,785.8
B/Vic,wk0,Fluarix,39,ec50,1304
B/Vic,wk0,Fluarix,40,ec50,1183
B/Vic,wk0,Fluarix,41,ec50,599.6
B/Vic,wk0,Fluarix,43,ec50,1602
B/Vic,wk0,Fluarix,45,ec50,683.3
B/Vic,wk0,Fluarix,46,ec50,654.2
B/Vic,wk0,Fluarix,47,ec50,73.82
B/Vic,wk0,Fluarix,48,ec50,1445
B/Vic,wk0,Fluarix,49,ec50,1333
B/Vic,wk0,Fluarix,50,ec50,565.1
B/Vic,wk0,Fluarix,51,ec50,2611
B/Vic,wk0,Fluarix,52,ec50,783.2
B/Vic,wk0,Fluarix,54,ec50,2816
B/Vic,wk0,Fluarix,55,ec50,215.4
B/Vic,wk0,Fluarix,56,ec50,363.9
B/Vic,wk0,Fluarix,57,ec50,2314
B/Vic,wk0,Fluarix,58,ec50,964.9
B/Vic,wk0,Fluarix,59,ec50,879
B/Vic,wk0,mRNA-1010,3,ec50,3287
B/Vic,wk0,mRNA-1010,6,ec50,768.8
B/Vic,wk0,mRNA-1010,8,ec50,2481
B/Vic,wk0,mRNA-1010,10,ec50,2051
B/Vic,wk0,mRNA-1010,14,ec50,1614
B/Vic,wk0,mRNA-1010,15,ec50,1279
B/Vic,wk0,mRNA-1010,17,ec50,908.8
B/Vic,wk0,mRNA-1010,21,ec50,2652
B/Vic,wk0,mRNA-1010,23,ec50,577.2
B/Vic,wk0,mRNA-1010,25,ec50,2750
B/Vic,wk0,mRNA-1010,28,ec50,290.1
B/Vic,wk0,mRNA-1010,29,ec50,506.3
B/Vic,wk0,mRNA-1010,30,ec50,940.4
B/Vic,wk0,mRNA-1010,31,ec50,490
B/Vic,wk0,mRNA-1010,64,ec50,443.8
B/Vic,wk0,mRNA-1010,71,ec50,777.8
B/Vic,wk0,mRNA-1010,73,ec50,158.7
B/Vic,wk0,mRNA-1010,74,ec50,378
B/Vic,wk0,mRNA-1010,75,ec50,1074
B/Vic,wk0,mRNA-1010,76,ec50,1452
B/Vic,wk0,mRNA-1010,77,ec50,689.9
B/Vic,wk0,mRNA-1010,78,ec50,2365
B/Vic,wk0,mRNA-1010,79,ec50,636.4
B/Vic,wk0,mRNA-1010,80,ec50,981.5
B/Vic,wk0,mRNA-1010,81,ec50,552.4
B/Vic,wk0,mRNA-1010,82,ec50,704.4
B/Vic,wk0,mRNA-1010,83,ec50,946.6
B/Vic,wk0,mRNA-1010,86,ec50,2243
B/Vic,wk0,mRNA-1010,88,ec50,1955
B/Vic,wk0,mRNA-1010,89,ec50,2209
B/Vic,wk0,mRNA-1010,90,ec50,2905
B/Vic,wk0,mRNA-1010,91,ec50,1206
B/Vic,wk0,mRNA-1010,93,ec50,4351
B/Vic,wk0,mRNA-1010,95,ec50,3686
B/Vic,wk0,mRNA-1010,99,ec50,1176
B/Vic,wk0,mRNA-1010,100,ec50,541.3
B/Vic,wk0,mRNA-1010,101,ec50,4076
B/Vic,wk0,mRNA-1010,102,ec50,697.6
B/Vic,wk4,Fluarix,1,ec50,4951
B/Vic,wk4,Fluarix,2,ec50,8964
B/Vic,wk4,Fluarix,5,ec50,6055
B/Vic,wk4,Fluarix,7,ec50,1369
B/Vic,wk4,Fluarix,9,ec50,8996
B/Vic,wk4,Fluarix,11,ec50,2633
B/Vic,wk4,Fluarix,16,ec50,3219
B/Vic,wk4,Fluarix,18,ec50,4248
B/Vic,wk4,Fluarix,19,ec50,18231
B/Vic,wk4,Fluarix,20,ec50,4217
B/Vic,wk4,Fluarix,22,ec50,4521
B/Vic,wk4,Fluarix,24,ec50,3783
B/Vic,wk4,Fluarix,26,ec50,960.7
B/Vic,wk4,Fluarix,27,ec50,9857
B/Vic,wk4,Fluarix,32,ec50,4373
B/Vic,wk4,Fluarix,33,ec50,1834
B/Vic,wk4,Fluarix,35,ec50,4206
B/Vic,wk4,Fluarix,36,ec50,1314
B/Vic,wk4,Fluarix,38,ec50,1038
B/Vic,wk4,Fluarix,39,ec50,2767
B/Vic,wk4,Fluarix,40,ec50,1746
B/Vic,wk4,Fluarix,41,ec50,9520
B/Vic,wk4,Fluarix,43,ec50,2089
B/Vic,wk4,Fluarix,45,ec50,1285
B/Vic,wk4,Fluarix,46,ec50,1173
B/Vic,wk4,Fluarix,47,ec50,223.1
B/Vic,wk4,Fluarix,48,ec50,6597
B/Vic,wk4,Fluarix,49,ec50,1894
B/Vic,wk4,Fluarix,50,ec50,941.5
B/Vic,wk4,Fluarix,51,ec50,2478
B/Vic,wk4,Fluarix,52,ec50,1460
B/Vic,wk4,Fluarix,54,ec50,3645
B/Vic,wk4,Fluarix,55,ec50,1540
B/Vic,wk4,Fluarix,56,ec50,1855
B/Vic,wk4,Fluarix,57,ec50,3438
B/Vic,wk4,Fluarix,58,ec50,2177
B/Vic,wk4,Fluarix,59,ec50,1110
B/Vic,wk4,mRNA-1010,3,ec50,6691
B/Vic,wk4,mRNA-1010,6,ec50,3785
B/Vic,wk4,mRNA-1010,8,ec50,5265
B/Vic,wk4,mRNA-1010,10,ec50,7413
B/Vic,wk4,mRNA-1010,14,ec50,5273
B/Vic,wk4,mRNA-1010,15,ec50,2146
B/Vic,wk4,mRNA-1010,17,ec50,2559
B/Vic,wk4,mRNA-1010,21,ec50,3913
B/Vic,wk4,mRNA-1010,23,ec50,2796
B/Vic,wk4,mRNA-1010,25,ec50,4612
B/Vic,wk4,mRNA-1010,28,ec50,1093
B/Vic,wk4,mRNA-1010,29,ec50,2876
B/Vic,wk4,mRNA-1010,30,ec50,1613
B/Vic,wk4,mRNA-1010,31,ec50,1912
B/Vic,wk4,mRNA-1010,64,ec50,3317
B/Vic,wk4,mRNA-1010,71,ec50,2535
B/Vic,wk4,mRNA-1010,73,ec50,2757
B/Vic,wk4,mRNA-1010,74,ec50,1015
B/Vic,wk4,mRNA-1010,75,ec50,8334
B/Vic,wk4,mRNA-1010,76,ec50,5120
B/Vic,wk4,mRNA-1010,77,ec50,1807
B/Vic,wk4,mRNA-1010,78,ec50,7760
B/Vic,wk4,mRNA-1010,79,ec50,10059
B/Vic,wk4,mRNA-1010,80,ec50,3704
B/Vic,wk4,mRNA-1010,81,ec50,5090
B/Vic,wk4,mRNA-1010,82,ec50,2684
B/Vic,wk4,mRNA-1010,83,ec50,3494
B/Vic,wk4,mRNA-1010,86,ec50,3656
B/Vic,wk4,mRNA-1010,88,ec50,4192
B/Vic,wk4,mRNA-1010,89,ec50,5609
B/Vic,wk4,mRNA-1010,90,ec50,7403
B/Vic,wk4,mRNA-1010,91,ec50,2220
B/Vic,wk4,mRNA-1010,93,ec50,6541
B/Vic,wk4,mRNA-1010,95,ec50,3358
B/Vic,wk4,mRNA-1010,99,ec50,4612
B/Vic,wk4,mRNA-1010,100,ec50,3263
B/Vic,wk4,mRNA-1010,101,ec50,1894
B/Vic,wk4,mRNA-1010,102,ec50,2601
B/Vic,wk26,Fluarix,1,ec50,4626
B/Vic,wk26,Fluarix,2,ec50,5008
B/Vic,wk26,Fluarix,5,ec50,3157
B/Vic,wk26,Fluarix,7,ec50,808.5
B/Vic,wk26,Fluarix,11,ec50,1416
B/Vic,wk26,Fluarix,16,ec50,4073
B/Vic,wk26,Fluarix,19,ec50,9902
B/Vic,wk26,Fluarix,20,ec50,2679
B/Vic,wk26,Fluarix,22,ec50,3144
B/Vic,wk26,Fluarix,24,ec50,2311
B/Vic,wk26,Fluarix,26,ec50,1117
B/Vic,wk26,Fluarix,27,ec50,7119
B/Vic,wk26,Fluarix,32,ec50,1714
B/Vic,wk26,Fluarix,33,ec50,1582
B/Vic,wk26,Fluarix,35,ec50,3666
B/Vic,wk26,Fluarix,36,ec50,734.1
B/Vic,wk26,Fluarix,38,ec50,714.2
B/Vic,wk26,Fluarix,39,ec50,1610
B/Vic,wk26,Fluarix,40,ec50,1589
B/Vic,wk26,Fluarix,41,ec50,6072
B/Vic,wk26,Fluarix,43,ec50,1713
B/Vic,wk26,Fluarix,45,ec50,806.2
B/Vic,wk26,Fluarix,46,ec50,1030
B/Vic,wk26,Fluarix,47,ec50,79.93
B/Vic,wk26,Fluarix,49,ec50,1019
B/Vic,wk26,Fluarix,50,ec50,802.5
B/Vic,wk26,Fluarix,51,ec50,2035
B/Vic,wk26,Fluarix,52,ec50,1074
B/Vic,wk26,Fluarix,54,ec50,4081
B/Vic,wk26,Fluarix,55,ec50,479.9
B/Vic,wk26,Fluarix,56,ec50,767.9
B/Vic,wk26,Fluarix,57,ec50,2093
B/Vic,wk26,Fluarix,58,ec50,1909
B/Vic,wk26,Fluarix,59,ec50,846.8
B/Vic,wk26,mRNA-1010,3,ec50,6440
B/Vic,wk26,mRNA-1010,6,ec50,1401
B/Vic,wk26,mRNA-1010,8,ec50,2470
B/Vic,wk26,mRNA-1010,14,ec50,3518
B/Vic,wk26,mRNA-1010,15,ec50,1323
B/Vic,wk26,mRNA-1010,17,ec50,960.7
B/Vic,wk26,mRNA-1010,21,ec50,2034
B/Vic,wk26,mRNA-1010,25,ec50,4332
B/Vic,wk26,mRNA-1010,28,ec50,312.3
B/Vic,wk26,mRNA-1010,29,ec50,1296
B/Vic,wk26,mRNA-1010,30,ec50,1065
B/Vic,wk26,mRNA-1010,31,ec50,809
B/Vic,wk26,mRNA-1010,64,ec50,1090
B/Vic,wk26,mRNA-1010,71,ec50,773.7
B/Vic,wk26,mRNA-1010,74,ec50,541.6
B/Vic,wk26,mRNA-1010,75,ec50,2658
B/Vic,wk26,mRNA-1010,76,ec50,2239
B/Vic,wk26,mRNA-1010,77,ec50,960.6
B/Vic,wk26,mRNA-1010,78,ec50,2768
B/Vic,wk26,mRNA-1010,79,ec50,3865
B/Vic,wk26,mRNA-1010,80,ec50,1561
B/Vic,wk26,mRNA-1010,81,ec50,780.1
B/Vic,wk26,mRNA-1010,82,ec50,978
B/Vic,wk26,mRNA-1010,83,ec50,1620
B/Vic,wk26,mRNA-1010,86,ec50,3103
B/Vic,wk26,mRNA-1010,88,ec50,2608
B/Vic,wk26,mRNA-1010,90,ec50,3418
B/Vic,wk26,mRNA-1010,91,ec50,1622
B/Vic,wk26,mRNA-1010,93,ec50,3971
B/Vic,wk26,mRNA-1010,95,ec50,3144
B/Vic,wk26,mRNA-1010,99,ec50,6206
B/Vic,wk26,mRNA-1010,100,ec50,1495
B/Vic,wk26,mRNA-1010,101,ec50,1065
B/Vic,wk26,mRNA-1010,102,ec50,1084
B/Vic,wk17,Fluarix,9,ec50,6854
B/Vic,wk17,Fluarix,18,ec50,4347
B/Vic,wk17,Fluarix,48,ec50,4138
B/Vic,wk17,mRNA-1010,10,ec50,4718
B/Vic,wk17,mRNA-1010,23,ec50,1211
B/Vic,wk17,mRNA-1010,73,ec50,1029
B/Vic,wk17,mRNA-1010,89,ec50,3513
A/H1,wk4,Fluarix,1,fold_change,1.265749
A/H1,wk4,Fluarix,2,fold_change,0.899918
A/H1,wk4,Fluarix,5,fold_change,6.102941
A/H1,wk4,Fluarix,7,fold_change,2.079976
A/H1,wk4,Fluarix,9,fold_change,2.292574
A/H1,wk4,Fluarix,11,fold_change,2.54381
A/H1,wk4,Fluarix,16,fold_change,0.828974
A/H1,wk4,Fluarix,18,fold_change,1.76329
A/H1,wk4,Fluarix,19,fold_change,32.59328
A/H1,wk4,Fluarix,20,fold_change,1.220446
A/H1,wk4,Fluarix,22,fold_change,2.521422
A/H1,wk4,Fluarix,24,fold_change,3.250993
A/H1,wk4,Fluarix,26,fold_change,1.321721
A/H1,wk4,Fluarix,27,fold_change,12.3109
A/H1,wk4,Fluarix,32,fold_change,1.269336
A/H1,wk4,Fluarix,33,fold_change,1.291645
A/H1,wk4,Fluarix,35,fold_change,1.320588
A/H1,wk4,Fluarix,36,fold_change,1.755379
A/H1,wk4,Fluarix,38,fold_change,1.181545
A/H1,wk4,Fluarix,39,fold_change,1.904529
A/H1,wk4,Fluarix,40,fold_change,1.468069
A/H1,wk4,Fluarix,41,fold_change,3.958982
A/H1,wk4,Fluarix,43,fold_change,0.929504
A/H1,wk4,Fluarix,45,fold_change,1.326794
A/H1,wk4,Fluarix,46,fold_change,1.856763
A/H1,wk4,Fluarix,47,fold_change,1.274989
A/H1,wk4,Fluarix,48,fold_change,2.268095
A/H1,wk4,Fluarix,49,fold_change,1.514906
A/H1,wk4,Fluarix,50,fold_change,1.148438
A/H1,wk4,Fluarix,51,fold_change,1.510638
A/H1,wk4,Fluarix,52,fold_change,1.747839
A/H1,wk4,Fluarix,54,fold_change,1.167821
A/H1,wk4,Fluarix,55,fold_change,1.82967
A/H1,wk4,Fluarix,56,fold_change,2.935407
A/H1,wk4,Fluarix,57,fold_change,1.300174
A/H1,wk4,Fluarix,58,fold_change,2.119658
A/H1,wk4,Fluarix,59,fold_change,1.231179
A/H1,wk4,mRNA-1010,3,fold_change,11.75819
A/H1,wk4,mRNA-1010,6,fold_change,7.24578
A/H1,wk4,mRNA-1010,8,fold_change,3.034673
A/H1,wk4,mRNA-1010,10,fold_change,6.921382
A/H1,wk4,mRNA-1010,14,fold_change,35.88948
A/H1,wk4,mRNA-1010,15,fold_change,3.459193
A/H1,wk4,mRNA-1010,17,fold_change,8.931395
A/H1,wk4,mRNA-1010,21,fold_change,6.959853
A/H1,wk4,mRNA-1010,23,fold_change,3.572398
A/H1,wk4,mRNA-1010,25,fold_change,3.910703
A/H1,wk4,mRNA-1010,28,fold_change,4.435341
A/H1,wk4,mRNA-1010,29,fold_change,5.380456
A/H1,wk4,mRNA-1010,30,fold_change,2.461939
A/H1,wk4,mRNA-1010,31,fold_change,3.165523
A/H1,wk4,mRNA-1010,64,fold_change,7.247132
A/H1,wk4,mRNA-1010,71,fold_change,1.4634
A/H1,wk4,mRNA-1010,73,fold_change,23.99463
A/H1,wk4,mRNA-1010,74,fold_change,4.772499
A/H1,wk4,mRNA-1010,75,fold_change,16.54859
A/H1,wk4,mRNA-1010,76,fold_change,4.234821
A/H1,wk4,mRNA-1010,77,fold_change,3.964335
A/H1,wk4,mRNA-1010,78,fold_change,6.935078
A/H1,wk4,mRNA-1010,79,fold_change,3.263007
A/H1,wk4,mRNA-1010,80,fold_change,7.189389
A/H1,wk4,mRNA-1010,81,fold_change,12.5
A/H1,wk4,mRNA-1010,82,fold_change,3.709556
A/H1,wk4,mRNA-1010,83,fold_change,5.659784
A/H1,wk4,mRNA-1010,86,fold_change,2.366474
A/H1,wk4,mRNA-1010,88,fold_change,3.501403
A/H1,wk4,mRNA-1010,89,fold_change,4.224615
A/H1,wk4,mRNA-1010,90,fold_change,2.81785
A/H1,wk4,mRNA-1010,91,fold_change,6.651857
A/H1,wk4,mRNA-1010,93,fold_change,3.400481
A/H1,wk4,mRNA-1010,95,fold_change,4.793868
A/H1,wk4,mRNA-1010,99,fold_change,5.714904
A/H1,wk4,mRNA-1010,100,fold_change,3.851376
A/H1,wk4,mRNA-1010,101,fold_change,1.220505
A/H1,wk4,mRNA-1010,102,fold_change,4.259209
A/H1,wk17/26,Fluarix,1,fold_change,1.525706
A/H1,wk17/26,Fluarix,2,fold_change,0.890931
A/H1,wk17/26,Fluarix,5,fold_change,3.026018
A/H1,wk17/26,Fluarix,7,fold_change,1.439573
A/H1,wk17/26,Fluarix,9,fold_change,1.093933
A/H1,wk17/26,Fluarix,11,fold_change,0.948563
A/H1,wk17/26,Fluarix,16,fold_change,0.757486
A/H1,wk17/26,Fluarix,18,fold_change,1.161484
A/H1,wk17/26,Fluarix,19,fold_change,12.91578
A/H1,wk17/26,Fluarix,20,fold_change,0.866922
A/H1,wk17/26,Fluarix,22,fold_change,2.690975
A/H1,wk17/26,Fluarix,24,fold_change,1.461403
A/H1,wk17/26,Fluarix,26,fold_change,1.446228
A/H1,wk17/26,Fluarix,27,fold_change,4.742112
A/H1,wk17/26,Fluarix,32,fold_change,0.79449
A/H1,wk17/26,Fluarix,33,fold_change,0.987026
A/H1,wk17/26,Fluarix,35,fold_change,1.210588
A/H1,wk17/26,Fluarix,36,fold_change,1.10872
A/H1,wk17/26,Fluarix,38,fold_change,1.234354
A/H1,wk17/26,Fluarix,39,fold_change,1.168299
A/H1,wk17/26,Fluarix,40,fold_change,1.176791
A/H1,wk17/26,Fluarix,41,fold_change,1.4314
A/H1,wk17/26,Fluarix,43,fold_change,0.961221
A/H1,wk17/26,Fluarix,45,fold_change,1.177007
A/H1,wk17/26,Fluarix,46,fold_change,1.351438
A/H1,wk17/26,Fluarix,47,fold_change,1.081297
A/H1,wk17/26,Fluarix,48,fold_change,1.824505
A/H1,wk17/26,Fluarix,49,fold_change,1.181005
A/H1,wk17/26,Fluarix,50,fold_change,1.051847
A/H1,wk17/26,Fluarix,51,fold_change,1.422448
A/H1,wk17/26,Fluarix,52,fold_change,1.132565
A/H1,wk17/26,Fluarix,54,fold_change,1.175693
A/H1,wk17/26,Fluarix,55,fold_change,1.331502
A/H1,wk17/26,Fluarix,56,fold_change,1.000797
A/H1,wk17/26,Fluarix,57,fold_change,1.329092
A/H1,wk17/26,Fluarix,58,fold_change,5.854701
A/H1,wk17/26,Fluarix,59,fold_change,0.90537
A/H1,wk17/26,mRNA-1010,3,fold_change,4.433951
A/H1,wk17/26,mRNA-1010,6,fold_change,3.773801
A/H1,wk17/26,mRNA-1010,8,fold_change,1.35855
A/H1,wk17/26,mRNA-1010,10,fold_change,4.256105
A/H1,wk17/26,mRNA-1010,14,fold_change,10.79921
A/H1,wk17/26,mRNA-1010,15,fold_change,0.928231
A/H1,wk17/26,mRNA-1010,17,fold_change,2.705942
A/H1,wk17/26,mRNA-1010,21,fold_change,1.982838
A/H1,wk17/26,mRNA-1010,23,fold_change,1.807692
A/H1,wk17/26,mRNA-1010,25,fold_change,2.292843
A/H1,wk17/26,mRNA-1010,28,fold_change,1.221687
A/H1,wk17/26,mRNA-1010,29,fold_change,1.519218
A/H1,wk17/26,mRNA-1010,30,fold_change,1.814904
A/H1,wk17/26,mRNA-1010,31,fold_change,0.811601
A/H1,wk17/26,mRNA-1010,64,fold_change,2.39188
A/H1,wk17/26,mRNA-1010,71,fold_change,0.804604
A/H1,wk17/26,mRNA-1010,73,fold_change,8.987909
A/H1,wk17/26,mRNA-1010,74,fold_change,2.106635
A/H1,wk17/26,mRNA-1010,75,fold_change,5.884644
A/H1,wk17/26,mRNA-1010,76,fold_change,1.567857
A/H1,wk17/26,mRNA-1010,77,fold_change,1.815844
A/H1,wk17/26,mRNA-1010,78,fold_change,2.431202
A/H1,wk17/26,mRNA-1010,79,fold_change,1.385899
A/H1,wk17/26,mRNA-1010,80,fold_change,2.218384
A/H1,wk17/26,mRNA-1010,81,fold_change,3.091928
A/H1,wk17/26,mRNA-1010,82,fold_change,1.980813
A/H1,wk17/26,mRNA-1010,83,fold_change,3.114061
A/H1,wk17/26,mRNA-1010,86,fold_change,1.608356
A/H1,wk17/26,mRNA-1010,88,fold_change,1.840463
A/H1,wk17/26,mRNA-1010,89,fold_change,2.678462
A/H1,wk17/26,mRNA-1010,90,fold_change,1.398721
A/H1,wk17/26,mRNA-1010,91,fold_change,2.364556
A/H1,wk17/26,mRNA-1010,93,fold_change,1.607937
A/H1,wk17/26,mRNA-1010,95,fold_change,2.381307
A/H1,wk17/26,mRNA-1010,99,fold_change,4.247372
A/H1,wk17/26,mRNA-1010,100,fold_change,1.827785
A/H1,wk17/26,mRNA-1010,101,fold_change,0.403784
A/H1,wk17/26,mRNA-1010,102,fold_change,1.55116
A/H3,wk4,Fluarix,1,fold_change,0.847753
A/H3,wk4,Fluarix,2,fold_change,1.592377
A/H3,wk4,Fluarix,5,fold_change,2.107664
A/H3,wk4,Fluarix,7,fold_change,1.190705
A/H3,wk4,Fluarix,9,fold_change,1.23918
A/H3,wk4,Fluarix,11,fold_change,1.377737
A/H3,wk4,Fluarix,16,fold_change,1.369652
A/H3,wk4,Fluarix,18,fold_change,2.290948
A/H3,wk4,Fluarix,19,fold_change,4.516856
A/H3,wk4,Fluarix,20,fold_change,14.21729
A/H3,wk4,Fluarix,22,fold_change,2.000913
A/H3,wk4,Fluarix,24,fold_change,5.405207
A/H3,wk4,Fluarix,26,fold_change,2.614673
A/H3,wk4,Fluarix,27,fold_change,1.038187
A/H3,wk4,Fluarix,32,fold_change,8.194535
A/H3,wk4,Fluarix,33,fold_change,1.828014
A/H3,wk4,Fluarix,35,fold_change,1.599778
A/H3,wk4,Fluarix,36,fold_change,2.244397
A/H3,wk4,Fluarix,38,fold_change,1.447587
A/H3,wk4,Fluarix,39,fold_change,1.593057
A/H3,wk4,Fluarix,40,fold_change,1.96931
A/H3,wk4,Fluarix,41,fold_change,1.536476
A/H3,wk4,Fluarix,43,fold_change,1.417114
A/H3,wk4,Fluarix,45,fold_change,4.251628
A/H3,wk4,Fluarix,46,fold_change,1.394621
A/H3,wk4,Fluarix,47,fold_change,1.955844
A/H3,wk4,Fluarix,48,fold_change,3.059916
A/H3,wk4,Fluarix,49,fold_change,2.748384
A/H3,wk4,Fluarix,50,fold_change,1.292465
A/H3,wk4,Fluarix,51,fold_change,1.480146
A/H3,wk4,Fluarix,52,fold_change,2.632991
A/H3,wk4,Fluarix,54,fold_change,1.075799
A/H3,wk4,Fluarix,55,fold_change,2.338887
A/H3,wk4,Fluarix,56,fold_change,3.056273
A/H3,wk4,Fluarix,57,fold_change,1.480657
A/H3,wk4,Fluarix,58,fold_change,1.069878
A/H3,wk4,Fluarix,59,fold_change,1.079117
A/H3,wk4,mRNA-1010,3,fold_change,8.210746
A/H3,wk4,mRNA-1010,6,fold_change,18.69026
A/H3,wk4,mRNA-1010,8,fold_change,3.724294
A/H3,wk4,mRNA-1010,10,fold_change,9.53681
A/H3,wk4,mRNA-1010,14,fold_change,29.29876
A/H3,wk4,mRNA-1010,15,fold_change,2.737308
A/H3,wk4,mRNA-1010,17,fold_change,5.308068
A/H3,wk4,mRNA-1010,21,fold_change,9.405693
A/H3,wk4,mRNA-1010,23,fold_change,36.98352
A/H3,wk4,mRNA-1010,25,fold_change,5.832486
A/H3,wk4,mRNA-1010,28,fold_change,3.358922
A/H3,wk4,mRNA-1010,29,fold_change,18.47726
A/H3,wk4,mRNA-1010,30,fold_change,8.199876
A/H3,wk4,mRNA-1010,31,fold_change,6.84236
A/H3,wk4,mRNA-1010,64,fold_change,2.329693
A/H3,wk4,mRNA-1010,71,fold_change,2.551051
A/H3,wk4,mRNA-1010,73,fold_change,119.7863
A/H3,wk4,mRNA-1010,74,fold_change,7.384122
A/H3,wk4,mRNA-1010,75,fold_change,46.52455
A/H3,wk4,mRNA-1010,76,fold_change,4.614447
A/H3,wk4,mRNA-1010,77,fold_change,7.79694
A/H3,wk4,mRNA-1010,78,fold_change,7.66947
A/H3,wk4,mRNA-1010,79,fold_change,19.86529
A/H3,wk4,mRNA-1010,80,fold_change,5.702769
A/H3,wk4,mRNA-1010,81,fold_change,14.03612
A/H3,wk4,mRNA-1010,82,fold_change,4.465532
A/H3,wk4,mRNA-1010,83,fold_change,3.580768
A/H3,wk4,mRNA-1010,86,fold_change,9.450386
A/H3,wk4,mRNA-1010,88,fold_change,3.493917
A/H3,wk4,mRNA-1010,89,fold_change,4.591328
A/H3,wk4,mRNA-1010,90,fold_change,3.96206
A/H3,wk4,mRNA-1010,91,fold_change,10.13384
A/H3,wk4,mRNA-1010,93,fold_change,3.219823
A/H3,wk4,mRNA-1010,95,fold_change,3.987901
A/H3,wk4,mRNA-1010,99,fold_change,11.46759
A/H3,wk4,mRNA-1010,100,fold_change,9.272271
A/H3,wk4,mRNA-1010,101,fold_change,0.747609
A/H3,wk4,mRNA-1010,102,fold_change,16.97687
A/H3,wk17/26,Fluarix,1,fold_change,1.26573
A/H3,wk17/26,Fluarix,2,fold_change,1.172646
A/H3,wk17/26,Fluarix,5,fold_change,2.166058
A/H3,wk17/26,Fluarix,7,fold_change,1.345353
A/H3,wk17/26,Fluarix,9,fold_change,0.939863
A/H3,wk17/26,Fluarix,11,fold_change,1.264433
A/H3,wk17/26,Fluarix,16,fold_change,1.946378
A/H3,wk17/26,Fluarix,18,fold_change,1.671336
A/H3,wk17/26,Fluarix,19,fold_change,4.561943
A/H3,wk17/26,Fluarix,20,fold_change,8.08949
A/H3,wk17/26,Fluarix,22,fold_change,1.629224
A/H3,wk17/26,Fluarix,24,fold_change,3.339559
A/H3,wk17/26,Fluarix,26,fold_change,1.388925
A/H3,wk17/26,Fluarix,27,fold_change,0.83544
A/H3,wk17/26,Fluarix,32,fold_change,4.482939
A/H3,wk17/26,Fluarix,33,fold_change,1.565603
A/H3,wk17/26,Fluarix,35,fold_change,1.104952
A/H3,wk17/26,Fluarix,36,fold_change,1.306723
A/H3,wk17/26,Fluarix,38,fold_change,1.023403
A/H3,wk17/26,Fluarix,39,fold_change,2.001929
A/H3,wk17/26,Fluarix,40,fold_change,1.196891
A/H3,wk17/26,Fluarix,41,fold_change,1.242184
A/H3,wk17/26,Fluarix,43,fold_change,0.612771
A/H3,wk17/26,Fluarix,45,fold_change,2.840465
A/H3,wk17/26,Fluarix,46,fold_change,1.141054
A/H3,wk17/26,Fluarix,47,fold_change,1.041558
A/H3,wk17/26,Fluarix,48,fold_change,1.665823
A/H3,wk17/26,Fluarix,49,fold_change,1.373384
A/H3,wk17/26,Fluarix,50,fold_change,1.278022
A/H3,wk17/26,Fluarix,51,fold_change,1.997562
A/H3,wk17/26,Fluarix,52,fold_change,1.453039
A/H3,wk17/26,Fluarix,54,fold_change,0.832881
A/H3,wk17/26,Fluarix,55,fold_change,1.615844
A/H3,wk17/26,Fluarix,56,fold_change,1.188436
A/H3,wk17/26,Fluarix,57,fold_change,1.185815
A/H3,wk17/26,Fluarix,58,fold_change,1.060719
A/H3,wk17/26,Fluarix,59,fold_change,1.185833
A/H3,wk17/26,mRNA-1010,3,fold_change,8.063641
A/H3,wk17/26,mRNA-1010,6,fold_change,10.10292
A/H3,wk17/26,mRNA-1010,8,fold_change,1.72379
A/H3,wk17/26,mRNA-1010,10,fold_change,9.994351
A/H3,wk17/26,mRNA-1010,14,fold_change,8.164007
A/H3,wk17/26,mRNA-1010,15,fold_change,1.25856
A/H3,wk17/26,mRNA-1010,17,fold_change,2.007262
A/H3,wk17/26,mRNA-1010,21,fold_change,2.633638
A/H3,wk17/26,mRNA-1010,23,fold_change,5.811355
A/H3,wk17/26,mRNA-1010,25,fold_change,5.612608
A/H3,wk17/26,mRNA-1010,28,fold_change,1.351296
A/H3,wk17/26,mRNA-1010,29,fold_change,4.546124
A/H3,wk17/26,mRNA-1010,30,fold_change,3.542313
A/H3,wk17/26,mRNA-1010,31,fold_change,2.699226
A/H3,wk17/26,mRNA-1010,64,fold_change,1.469579
A/H3,wk17/26,mRNA-1010,71,fold_change,1.211897
A/H3,wk17/26,mRNA-1010,73,fold_change,37.5829
A/H3,wk17/26,mRNA-1010,74,fold_change,2.585405
A/H3,wk17/26,mRNA-1010,75,fold_change,12.58482
A/H3,wk17/26,mRNA-1010,76,fold_change,1.520453
A/H3,wk17/26,mRNA-1010,77,fold_change,4.360918
A/H3,wk17/26,mRNA-1010,78,fold_change,2.368377
A/H3,wk17/26,mRNA-1010,79,fold_change,9.014832
A/H3,wk17/26,mRNA-1010,80,fold_change,1.719055
A/H3,wk17/26,mRNA-1010,81,fold_change,3.936795
A/H3,wk17/26,mRNA-1010,82,fold_change,2.514894
A/H3,wk17/26,mRNA-1010,83,fold_change,2.203712
A/H3,wk17/26,mRNA-1010,86,fold_change,7.36839
A/H3,wk17/26,mRNA-1010,88,fold_change,2.301095
A/H3,wk17/26,mRNA-1010,89,fold_change,1.689973
A/H3,wk17/26,mRNA-1010,90,fold_change,1.787715
A/H3,wk17/26,mRNA-1010,91,fold_change,2.496633
A/H3,wk17/26,mRNA-1010,93,fold_change,3.204319
A/H3,wk17/26,mRNA-1010,95,fold_change,2.203577
A/H3,wk17/26,mRNA-1010,99,fold_change,9.009321
A/H3,wk17/26,mRNA-1010,100,fold_change,5.362154
A/H3,wk17/26,mRNA-1010,101,fold_change,0.737159
A/H3,wk17/26,mRNA-1010,102,fold_change,6.625426
B/Yam,wk4,Fluarix,1,fold_change,3.207982
B/Yam,wk4,Fluarix,2,fold_change,1.15189
B/Yam,wk4,Fluarix,5,fold_change,4.106714
B/Yam,wk4,Fluarix,7,fold_change,1.04383
B/Yam,wk4,Fluarix,9,fold_change,2.15748
B/Yam,wk4,Fluarix,11,fold_change,2.916898
B/Yam,wk4,Fluarix,16,fold_change,0.789621
B/Yam,wk4,Fluarix,18,fold_change,1.152541
B/Yam,wk4,Fluarix,19,fold_change,15.10742
B/Yam,wk4,Fluarix,20,fold_change,1.321482
B/Yam,wk4,Fluarix,22,fold_change,2.080116
B/Yam,wk4,Fluarix,24,fold_change,2.297194
B/Yam,wk4,Fluarix,26,fold_change,1.704235
B/Yam,wk4,Fluarix,27,fold_change,1.895269
B/Yam,wk4,Fluarix,32,fold_change,2.822873
B/Yam,wk4,Fluarix,33,fold_change,1.549536
B/Yam,wk4,Fluarix,35,fold_change,1.243132
B/Yam,wk4,Fluarix,36,fold_change,3.09417
B/Yam,wk4,Fluarix,38,fold_change,1.427564
B/Yam,wk4,Fluarix,39,fold_change,3.234604
B/Yam,wk4,Fluarix,40,fold_change,0.994171
B/Yam,wk4,Fluarix,41,fold_change,9.701689
B/Yam,wk4,Fluarix,43,fold_change,1.451096
B/Yam,wk4,Fluarix,45,fold_change,1.494444
B/Yam,wk4,Fluarix,46,fold_change,1.490283
B/Yam,wk4,Fluarix,47,fold_change,2.488078
B/Yam,wk4,Fluarix,48,fold_change,4.573577
B/Yam,wk4,Fluarix,49,fold_change,1.587723
B/Yam,wk4,Fluarix,50,fold_change,1.963248
B/Yam,wk4,Fluarix,51,fold_change,1.525316
B/Yam,wk4,Fluarix,52,fold_change,2.792459
B/Yam,wk4,Fluarix,54,fold_change,1.146914
B/Yam,wk4,Fluarix,55,fold_change,1.487228
B/Yam,wk4,Fluarix,56,fold_change,6.962073
B/Yam,wk4,Fluarix,57,fold_change,1.1933
B/Yam,wk4,Fluarix,58,fold_change,1.29759
B/Yam,wk4,Fluarix,59,fold_change,1.168793
B/Yam,wk4,mRNA-1010,3,fold_change,2.460489
B/Yam,wk4,mRNA-1010,6,fold_change,9.943198
B/Yam,wk4,mRNA-1010,8,fold_change,1.498454
B/Yam,wk4,mRNA-1010,10,fold_change,2.993558
B/Yam,wk4,mRNA-1010,14,fold_change,2.549555
B/Yam,wk4,mRNA-1010,15,fold_change,1.808879
B/Yam,wk4,mRNA-1010,17,fold_change,1.668508
B/Yam,wk4,mRNA-1010,21,fold_change,2.631386
B/Yam,wk4,mRNA-1010,23,fold_change,2.322203
B/Yam,wk4,mRNA-1010,25,fold_change,1.868174
B/Yam,wk4,mRNA-1010,28,fold_change,3.693118
B/Yam,wk4,mRNA-1010,29,fold_change,6.258037
B/Yam,wk4,mRNA-1010,30,fold_change,2.087549
B/Yam,wk4,mRNA-1010,31,fold_change,1.879477
B/Yam,wk4,mRNA-1010,64,fold_change,5.959984
B/Yam,wk4,mRNA-1010,71,fold_change,1.206034
B/Yam,wk4,mRNA-1010,73,fold_change,8.285241
B/Yam,wk4,mRNA-1010,74,fold_change,4.462859
B/Yam,wk4,mRNA-1010,75,fold_change,4.02585
B/Yam,wk4,mRNA-1010,76,fold_change,2.689347
B/Yam,wk4,mRNA-1010,77,fold_change,1.777431
B/Yam,wk4,mRNA-1010,78,fold_change,4.96801
B/Yam,wk4,mRNA-1010,79,fold_change,3.538107
B/Yam,wk4,mRNA-1010,80,fold_change,4.105613
B/Yam,wk4,mRNA-1010,81,fold_change,4.162982
B/Yam,wk4,mRNA-1010,82,fold_change,2.390108
B/Yam,wk4,mRNA-1010,83,fold_change,1.634556
B/Yam,wk4,mRNA-1010,86,fold_change,1.737139
B/Yam,wk4,mRNA-1010,88,fold_change,1.914355
B/Yam,wk4,mRNA-1010,89,fold_change,5.154022
B/Yam,wk4,mRNA-1010,90,fold_change,2.849467
B/Yam,wk4,mRNA-1010,91,fold_change,2.848545
B/Yam,wk4,mRNA-1010,93,fold_change,1.693598
B/Yam,wk4,mRNA-1010,95,fold_change,0.724225
B/Yam,wk4,mRNA-1010,99,fold_change,1.953628
B/Yam,wk4,mRNA-1010,100,fold_change,3.453024
B/Yam,wk4,mRNA-1010,101,fold_change,0.57649
B/Yam,wk4,mRNA-1010,102,fold_change,4.336215
B/Yam,wk17/26,Fluarix,1,fold_change,2.601688
B/Yam,wk17/26,Fluarix,2,fold_change,0.943937
B/Yam,wk17/26,Fluarix,5,fold_change,2.693286
B/Yam,wk17/26,Fluarix,7,fold_change,0.943783
B/Yam,wk17/26,Fluarix,9,fold_change,1.479003
B/Yam,wk17/26,Fluarix,11,fold_change,1.273092
B/Yam,wk17/26,Fluarix,16,fold_change,0.538314
B/Yam,wk17/26,Fluarix,18,fold_change,0.963853
B/Yam,wk17/26,Fluarix,19,fold_change,9.407067
B/Yam,wk17/26,Fluarix,20,fold_change,0.838295
B/Yam,wk17/26,Fluarix,22,fold_change,1.552124
B/Yam,wk17/26,Fluarix,24,fold_change,1.205357
B/Yam,wk17/26,Fluarix,26,fold_change,1.296482
B/Yam,wk17/26,Fluarix,27,fold_change,1.450869
B/Yam,wk17/26,Fluarix,32,fold_change,1.748024
B/Yam,wk17/26,Fluarix,33,fold_change,1.145356
B/Yam,wk17/26,Fluarix,35,fold_change,1.246468
B/Yam,wk17/26,Fluarix,36,fold_change,2.30241
B/Yam,wk17/26,Fluarix,38,fold_change,0.816075
B/Yam,wk17/26,Fluarix,39,fold_change,1.735597
B/Yam,wk17/26,Fluarix,40,fold_change,0.974093
B/Yam,wk17/26,Fluarix,41,fold_change,3.555347
B/Yam,wk17/26,Fluarix,43,fold_change,1.072154
B/Yam,wk17/26,Fluarix,45,fold_change,1.338889
B/Yam,wk17/26,Fluarix,46,fold_change,0.904594
B/Yam,wk17/26,Fluarix,47,fold_change,1.056448
B/Yam,wk17/26,Fluarix,48,fold_change,2.535831
B/Yam,wk17/26,Fluarix,49,fold_change,0.939051
B/Yam,wk17/26,Fluarix,50,fold_change,1.82906
B/Yam,wk17/26,Fluarix,51,fold_change,1.351266
B/Yam,wk17/26,Fluarix,52,fold_change,1.617789
B/Yam,wk17/26,Fluarix,54,fold_change,0.921482
B/Yam,wk17/26,Fluarix,55,fold_change,1.406812
B/Yam,wk17/26,Fluarix,56,fold_change,2.728877
B/Yam,wk17/26,Fluarix,57,fold_change,0.9352
B/Yam,wk17/26,Fluarix,58,fold_change,1.433842
B/Yam,wk17/26,Fluarix,59,fold_change,1.090561
B/Yam,wk17/26,mRNA-1010,3,fold_change,1.696255
B/Yam,wk17/26,mRNA-1010,6,fold_change,4.058506
B/Yam,wk17/26,mRNA-1010,8,fold_change,0.880643
B/Yam,wk17/26,mRNA-1010,10,fold_change,1.511095
B/Yam,wk17/26,mRNA-1010,14,fold_change,1.611788
B/Yam,wk17/26,mRNA-1010,15,fold_change,0.776134
B/Yam,wk17/26,mRNA-1010,17,fold_change,0.843604
B/Yam,wk17/26,mRNA-1010,21,fold_change,1.528908
B/Yam,wk17/26,mRNA-1010,23,fold_change,1.375542
B/Yam,wk17/26,mRNA-1010,25,fold_change,1.464424
B/Yam,wk17/26,mRNA-1010,28,fold_change,1.270924
B/Yam,wk17/26,mRNA-1010,29,fold_change,4.316331
B/Yam,wk17/26,mRNA-1010,30,fold_change,1.451167
B/Yam,wk17/26,mRNA-1010,31,fold_change,1.143832
B/Yam,wk17/26,mRNA-1010,64,fold_change,2.200875
B/Yam,wk17/26,mRNA-1010,71,fold_change,1.02649
B/Yam,wk17/26,mRNA-1010,73,fold_change,3.391675
B/Yam,wk17/26,mRNA-1010,74,fold_change,2.823912
B/Yam,wk17/26,mRNA-1010,75,fold_change,1.752034
B/Yam,wk17/26,mRNA-1010,76,fold_change,1.318461
B/Yam,wk17/26,mRNA-1010,77,fold_change,1.823372
B/Yam,wk17/26,mRNA-1010,78,fold_change,1.428892
B/Yam,wk17/26,mRNA-1010,79,fold_change,2.023596
B/Yam,wk17/26,mRNA-1010,80,fold_change,1.204581
B/Yam,wk17/26,mRNA-1010,81,fold_change,1.392685
B/Yam,wk17/26,mRNA-1010,82,fold_change,1.372158
B/Yam,wk17/26,mRNA-1010,83,fold_change,1.041317
B/Yam,wk17/26,mRNA-1010,86,fold_change,1.087202
B/Yam,wk17/26,mRNA-1010,88,fold_change,1.143066
B/Yam,wk17/26,mRNA-1010,89,fold_change,2.628637
B/Yam,wk17/26,mRNA-1010,90,fold_change,1.873348
B/Yam,wk17/26,mRNA-1010,91,fold_change,1.394672
B/Yam,wk17/26,mRNA-1010,93,fold_change,1.073731
B/Yam,wk17/26,mRNA-1010,95,fold_change,0.804011
B/Yam,wk17/26,mRNA-1010,99,fold_change,1.616079
B/Yam,wk17/26,mRNA-1010,100,fold_change,1.458601
B/Yam,wk17/26,mRNA-1010,101,fold_change,0.385553
B/Yam,wk17/26,mRNA-1010,102,fold_change,1.408305
B/Vic,wk4,Fluarix,1,fold_change,1.511756
B/Vic,wk4,Fluarix,2,fold_change,2.694319
B/Vic,wk4,Fluarix,5,fold_change,7.048894
B/Vic,wk4,Fluarix,7,fold_change,1.496011
B/Vic,wk4,Fluarix,9,fold_change,3.410159
B/Vic,wk4,Fluarix,11,fold_change,1.978212
B/Vic,wk4,Fluarix,16,fold_change,0.902186
B/Vic,wk4,Fluarix,18,fold_change,1.141629
B/Vic,wk4,Fluarix,19,fold_change,7.423046
B/Vic,wk4,Fluarix,20,fold_change,2.65387
B/Vic,wk4,Fluarix,22,fold_change,3.540329
B/Vic,wk4,Fluarix,24,fold_change,3.796287
B/Vic,wk4,Fluarix,26,fold_change,1.321458
B/Vic,wk4,Fluarix,27,fold_change,2.412974
B/Vic,wk4,Fluarix,32,fold_change,4.019301
B/Vic,wk4,Fluarix,33,fold_change,1.869521
B/Vic,wk4,Fluarix,35,fold_change,1.213153
B/Vic,wk4,Fluarix,36,fold_change,2.960126
B/Vic,wk4,Fluarix,38,fold_change,1.320947
B/Vic,wk4,Fluarix,39,fold_change,2.121933
B/Vic,wk4,Fluarix,40,fold_change,1.475909
B/Vic,wk4,Fluarix,41,fold_change,15.87725
B/Vic,wk4,Fluarix,43,fold_change,1.303995
B/Vic,wk4,Fluarix,45,fold_change,1.88058
B/Vic,wk4,Fluarix,46,fold_change,1.79303
B/Vic,wk4,Fluarix,47,fold_change,3.022216
B/Vic,wk4,Fluarix,48,fold_change,4.565398
B/Vic,wk4,Fluarix,49,fold_change,1.420855
B/Vic,wk4,Fluarix,50,fold_change,1.666077
B/Vic,wk4,Fluarix,51,fold_change,0.949062
B/Vic,wk4,Fluarix,52,fold_change,1.864147
B/Vic,wk4,Fluarix,54,fold_change,1.294389
B/Vic,wk4,Fluarix,55,fold_change,7.149489
B/Vic,wk4,Fluarix,56,fold_change,5.097554
B/Vic,wk4,Fluarix,57,fold_change,1.485739
B/Vic,wk4,Fluarix,58,fold_change,2.256192
B/Vic,wk4,Fluarix,59,fold_change,1.262799
B/Vic,wk4,mRNA-1010,3,fold_change,2.035595
B/Vic,wk4,mRNA-1010,6,fold_change,4.923257
B/Vic,wk4,mRNA-1010,8,fold_change,2.122128
B/Vic,wk4,mRNA-1010,10,fold_change,3.614334
B/Vic,wk4,mRNA-1010,14,fold_change,3.267038
B/Vic,wk4,mRNA-1010,15,fold_change,1.677873
B/Vic,wk4,mRNA-1010,17,fold_change,2.815801
B/Vic,wk4,mRNA-1010,21,fold_change,1.47549
B/Vic,wk4,mRNA-1010,23,fold_change,4.844075
B/Vic,wk4,mRNA-1010,25,fold_change,1.677091
B/Vic,wk4,mRNA-1010,28,fold_change,3.767666
B/Vic,wk4,mRNA-1010,29,fold_change,5.680427
B/Vic,wk4,mRNA-1010,30,fold_change,1.715228
B/Vic,wk4,mRNA-1010,31,fold_change,3.902041
B/Vic,wk4,mRNA-1010,64,fold_change,7.474087
B/Vic,wk4,mRNA-1010,71,fold_change,3.259193
B/Vic,wk4,mRNA-1010,73,fold_change,17.3724
B/Vic,wk4,mRNA-1010,74,fold_change,2.685185
B/Vic,wk4,mRNA-1010,75,fold_change,7.759777
B/Vic,wk4,mRNA-1010,76,fold_change,3.526171
B/Vic,wk4,mRNA-1010,77,fold_change,2.61922
B/Vic,wk4,mRNA-1010,78,fold_change,3.281184
B/Vic,wk4,mRNA-1010,79,fold_change,15.8061
B/Vic,wk4,mRNA-1010,80,fold_change,3.773816
B/Vic,wk4,mRNA-1010,81,fold_change,9.214337
B/Vic,wk4,mRNA-1010,82,fold_change,3.810335
B/Vic,wk4,mRNA-1010,83,fold_change,3.691105
B/Vic,wk4,mRNA-1010,86,fold_change,1.62996
B/Vic,wk4,mRNA-1010,88,fold_change,2.144246
B/Vic,wk4,mRNA-1010,89,fold_change,2.539158
B/Vic,wk4,mRNA-1010,90,fold_change,2.548365
B/Vic,wk4,mRNA-1010,91,fold_change,1.840796
B/Vic,wk4,mRNA-1010,93,fold_change,1.503333
B/Vic,wk4,mRNA-1010,95,fold_change,0.911015
B/Vic,wk4,mRNA-1010,99,fold_change,3.921769
B/Vic,wk4,mRNA-1010,100,fold_change,6.028081
B/Vic,wk4,mRNA-1010,101,fold_change,0.464671
B/Vic,wk4,mRNA-1010,102,fold_change,3.728498
B/Vic,wk17/26,Fluarix,1,fold_change,1.412519
B/Vic,wk17/26,Fluarix,2,fold_change,1.50526
B/Vic,wk17/26,Fluarix,5,fold_change,3.675204
B/Vic,wk17/26,Fluarix,7,fold_change,0.88351
B/Vic,wk17/26,Fluarix,9,fold_change,2.59818
B/Vic,wk17/26,Fluarix,11,fold_change,1.063862
B/Vic,wk17/26,Fluarix,16,fold_change,1.141536
B/Vic,wk17/26,Fluarix,18,fold_change,1.168234
B/Vic,wk17/26,Fluarix,19,fold_change,4.031759
B/Vic,wk17/26,Fluarix,20,fold_change,1.685966
B/Vic,wk17/26,Fluarix,22,fold_change,2.46202
B/Vic,wk17/26,Fluarix,24,fold_change,2.319117
B/Vic,wk17/26,Fluarix,26,fold_change,1.536451
B/Vic,wk17/26,Fluarix,27,fold_change,1.742717
B/Vic,wk17/26,Fluarix,32,fold_change,1.575368
B/Vic,wk17/26,Fluarix,33,fold_change,1.61264
B/Vic,wk17/26,Fluarix,35,fold_change,1.057398
B/Vic,wk17/26,Fluarix,36,fold_change,1.653751
B/Vic,wk17/26,Fluarix,38,fold_change,0.908883
B/Vic,wk17/26,Fluarix,39,fold_change,1.234663
B/Vic,wk17/26,Fluarix,40,fold_change,1.343195
B/Vic,wk17/26,Fluarix,41,fold_change,10.12675
B/Vic,wk17/26,Fluarix,43,fold_change,1.069288
B/Vic,wk17/26,Fluarix,45,fold_change,1.179862
B/Vic,wk17/26,Fluarix,46,fold_change,1.574442
B/Vic,wk17/26,Fluarix,47,fold_change,1.082769
B/Vic,wk17/26,Fluarix,48,fold_change,2.863668
B/Vic,wk17/26,Fluarix,49,fold_change,0.764441
B/Vic,wk17/26,Fluarix,50,fold_change,1.420103
B/Vic,wk17/26,Fluarix,51,fold_change,0.779395
B/Vic,wk17/26,Fluarix,52,fold_change,1.371297
B/Vic,wk17/26,Fluarix,54,fold_change,1.449219
B/Vic,wk17/26,Fluarix,55,fold_change,2.227948
B/Vic,wk17/26,Fluarix,56,fold_change,2.110195
B/Vic,wk17/26,Fluarix,57,fold_change,0.904494
B/Vic,wk17/26,Fluarix,58,fold_change,1.978443
B/Vic,wk17/26,Fluarix,59,fold_change,0.963367
B/Vic,wk17/26,mRNA-1010,3,fold_change,1.959233
B/Vic,wk17/26,mRNA-1010,6,fold_change,1.82232
B/Vic,wk17/26,mRNA-1010,8,fold_change,0.995566
B/Vic,wk17/26,mRNA-1010,10,fold_change,2.300341
B/Vic,wk17/26,mRNA-1010,14,fold_change,2.179678
B/Vic,wk17/26,mRNA-1010,15,fold_change,1.034402
B/Vic,wk17/26,mRNA-1010,17,fold_change,1.057108
B/Vic,wk17/26,mRNA-1010,21,fold_change,0.766968
B/Vic,wk17/26,mRNA-1010,23,fold_change,2.09806
B/Vic,wk17/26,mRNA-1010,25,fold_change,1.575273
B/Vic,wk17/26,mRNA-1010,28,fold_change,1.076525
B/Vic,wk17/26,mRNA-1010,29,fold_change,2.559747
B/Vic,wk17/26,mRNA-1010,30,fold_change,1.132497
B/Vic,wk17/26,mRNA-1010,31,fold_change,1.65102
B/Vic,wk17/26,mRNA-1010,64,fold_change,2.456061
B/Vic,wk17/26,mRNA-1010,71,fold_change,0.994729
B/Vic,wk17/26,mRNA-1010,73,fold_change,6.483932
B/Vic,wk17/26,mRNA-1010,74,fold_change,1.432804
B/Vic,wk17/26,mRNA-1010,75,fold_change,2.47486
B/Vic,wk17/26,mRNA-1010,76,fold_change,1.542011
B/Vic,wk17/26,mRNA-1010,77,fold_change,1.392376
B/Vic,wk17/26,mRNA-1010,78,fold_change,1.170402
B/Vic,wk17/26,mRNA-1010,79,fold_change,6.073224
B/Vic,wk17/26,mRNA-1010,80,fold_change,1.590423
B/Vic,wk17/26,mRNA-1010,81,fold_change,1.412201
B/Vic,wk17/26,mRNA-1010,82,fold_change,1.388416
B/Vic,wk17/26,mRNA-1010,83,fold_change,1.711388
B/Vic,wk17/26,mRNA-1010,86,fold_change,1.383415
B/Vic,wk17/26,mRNA-1010,88,fold_change,1.334015
B/Vic,wk17/26,mRNA-1010,89,fold_change,1.590312
B/Vic,wk17/26,mRNA-1010,90,fold_change,1.176592
B/Vic,wk17/26,mRNA-1010,91,fold_change,1.344942
B/Vic,wk17/26,mRNA-1010,93,fold_change,0.912664
B/Vic,wk17/26,mRNA-1010,95,fold_change,0.852957
B/Vic,wk17/26,mRNA-1010,99,fold_change,5.277211
B/Vic,wk17/26,mRNA-1010,100,fold_change,2.76187
B/Vic,wk17/26,mRNA-1010,101,fold_change,0.261286
B/Vic,wk17/26,mRNA-1010,102,fold_change,1.553899
