timepoint,arm,participant,pct_ha_specific_igg_gc
wk0,Fluarix,001,0.925925926
wk0,Fluarix,005,0.718562874
wk0,Fluarix,009,0
wk0,Fluarix,011,0.210304942
wk0,Fluarix,018,1.5625
wk0,Fluarix,020,1.652892562
wk0,Fluarix,022,0.104155817
wk0,Fluarix,024,0.116577291
wk0,Fluarix,026,0
wk0,Fluarix,027,1.773049645
wk0,Fluarix,032,2.605863192
wk0,mRNA-1010,006,0.431965443
wk0,mRNA-1010,017,0
wk0,mRNA-1010,021,0.196850394
wk0,mRNA-1010,028,1.018675722
wk0,mRNA-1010,029,1.012658228
wk0,mRNA-1010,030,0
wk2,Fluarix,001,0.12254902
wk2,Fluarix,005,12.61755486
wk2,Fluarix,009,2.333474756
wk2,Fluarix,011,4.166666667
wk2,Fluarix,018,0.085984523
wk2,Fluarix,020,0
wk2,Fluarix,022,0.239254187
wk2,Fluarix,024,5.080213904
wk2,Fluarix,026,4.140467434
wk2,Fluarix,027,0.320170758
wk2,Fluarix,032,11.11111111
wk2,mRNA-1010,006,38.6996904
wk2,mRNA-1010,017,2.093596059
wk2,mRNA-1010,021,0.858369099
wk2,mRNA-1010,028,30.49881235
wk2,mRNA-1010,029,35.50805108
wk2,mRNA-1010,030,17.94871795
wk8,Fluarix,001,0.251256281
wk8,Fluarix,005,3.086070215
wk8,Fluarix,009,4.68528159
wk8,Fluarix,011,0
wk8,Fluarix,018,1.726263872
wk8,Fluarix,020,2.631578947
wk8,Fluarix,022,0
wk8,Fluarix,024,3.626943005
wk8,Fluarix,026,0
wk8,Fluarix,027,9.210526316
wk8,Fluarix,032,1.465968586
wk8,mRNA-1010,006,27.25947522
wk8,mRNA-1010,017,0.266666667
wk8,mRNA-1010,021,0.363636364
wk8,mRNA-1010,028,2.505112474
wk8,mRNA-1010,029,14.90811732
wk8,mRNA-1010,030,14.1025641
wk17,Fluarix,001,2.257336343
wk17,Fluarix,005,6.157112527
wk17,Fluarix,009,0.823045267
wk17,Fluarix,011,0
wk17,Fluarix,020,4.545454545
wk17,Fluarix,022,0.131868132
wk17,Fluarix,024,0
wk17,Fluarix,026,11.11111111
wk17,Fluarix,032,19.24398625
wk17,mRNA-1010,006,24.88947834
wk17,mRNA-1010,017,0.571428571
wk17,mRNA-1010,021,16
wk17,mRNA-1010,028,28.04878049
wk17,mRNA-1010,029,7.82122905
wk26,Fluarix,001,0.386100386
wk26,Fluarix,005,1.193058568
wk26,Fluarix,011,2.23880597
wk26,Fluarix,020,2.177068215
wk26,Fluarix,022,0
wk26,Fluarix,024,2.068965517
wk26,Fluarix,026,2.325581395
wk26,Fluarix,032,0
wk26,mRNA-1010,006,21.9330855
wk26,mRNA-1010,017,18.91891892
wk26,mRNA-1010,021,0.369913687
wk26,mRNA-1010,028,0
wk26,mRNA-1010,029,26.51210365
wk0,Fluarix,001,0
wk0,Fluarix,005,0
wk0,Fluarix,009,0
wk0,Fluarix,011,0
wk0,Fluarix,018,2.1875
wk0,Fluarix,020,0.826446281
wk0,Fluarix,022,0.010415582
wk0,Fluarix,024,0
wk0,Fluarix,026,0
wk0,Fluarix,027,0
wk0,Fluarix,032,0.977198697
wk0,mRNA-1010,006,0
wk0,mRNA-1010,017,0
wk0,mRNA-1010,021,0
wk0,mRNA-1010,028,0
wk0,mRNA-1010,029,0
wk0,mRNA-1010,030,0
wk2,Fluarix,001,0
wk2,Fluarix,005,0.313479624
wk2,Fluarix,009,0
wk2,Fluarix,011,0
wk2,Fluarix,018,0
wk2,Fluarix,020,0
wk2,Fluarix,022,0.016500289
wk2,Fluarix,024,0.534759358
wk2,Fluarix,026,0.011863804
wk2,Fluarix,027,0
wk2,Fluarix,032,0
wk2,mRNA-1010,006,3.715170279
wk2,mRNA-1010,017,0.123152709
wk2,mRNA-1010,021,0
wk2,mRNA-1010,028,41.80522565
wk2,mRNA-1010,029,3.636868406
wk2,mRNA-1010,030,2.564102564
wk8,Fluarix,001,0
wk8,Fluarix,005,0
wk8,Fluarix,009,0.023663038
wk8,Fluarix,011,0
wk8,Fluarix,018,0
wk8,Fluarix,020,0
wk8,Fluarix,022,0
wk8,Fluarix,024,0
wk8,Fluarix,026,0
wk8,Fluarix,027,0
wk8,Fluarix,032,0
wk8,mRNA-1010,006,4.227405248
wk8,mRNA-1010,017,0
wk8,mRNA-1010,021,0
wk8,mRNA-1010,028,3.323108384
wk8,mRNA-1010,029,1.764634295
wk8,mRNA-1010,030,2.564102564
wk17,Fluarix,001,0
wk17,Fluarix,005,0
wk17,Fluarix,009,0
wk17,Fluarix,011,0
wk17,Fluarix,020,0
wk17,Fluarix,022,0
wk17,Fluarix,024,0
wk17,Fluarix,026,0
wk17,Fluarix,032,0
wk17,mRNA-1010,006,21.6622458
wk17,mRNA-1010,017,0
wk17,mRNA-1010,021,0
wk17,mRNA-1010,028,0
wk17,mRNA-1010,029,0.335195531
wk26,Fluarix,001,0.096525097
wk26,Fluarix,005,0
wk26,Fluarix,011,0
wk26,Fluarix,020,0
wk26,Fluarix,022,0
wk26,Fluarix,024,0
wk26,Fluarix,026,0
wk26,Fluarix,032,0
wk26,mRNA-1010,006,14.71056824
wk26,mRNA-1010,017,2.702702703
wk26,mRNA-1010,021,0
wk26,mRNA-1010,028,0
wk26,mRNA-1010,029,1.070576202
