antigen,timepoint,arm,participant,hai_titer
A/H1N1,wk0,Fluarix,001,20
A/H1N1,wk0,Fluarix,002,40
A/H1N1,wk0,Fluarix,005,20
A/H1N1,wk0,Fluarix,007,28
A/H1N1,wk0,Fluarix,009,40
A/H1N1,wk0,Fluarix,011,40
A/H1N1,wk0,Fluarix,016,226.27417
A/H1N1,wk0,Fluarix,018,113
A/H1N1,wk0,Fluarix,019,14
A/H1N1,wk0,Fluarix,020,40
A/H1N1,wk0,Fluarix,022,28
A/H1N1,wk0,Fluarix,024,40
A/H1N1,wk0,Fluarix,026,80
A/H1N1,wk0,Fluarix,027,20
A/H1N1,wk0,Fluarix,032,40
A/H1N1,wk0,mRNA-1010,003,28
A/H1N1,wk0,mRNA-1010,006,40
A/H1N1,wk0,mRNA-1010,008,40
A/H1N1,wk0,mRNA-1010,010,80
A/H1N1,wk0,mRNA-1010,014,57
A/H1N1,wk0,mRNA-1010,015,40
A/H1N1,wk0,mRNA-1010,017,40
A/H1N1,wk0,mRNA-1010,021,57
A/H1N1,wk0,mRNA-1010,023,40
A/H1N1,wk0,mRNA-1010,025,28
A/H1N1,wk0,mRNA-1010,028,57
A/H1N1,wk0,mRNA-1010,029,80
A/H1N1,wk0,mRNA-1010,030,80
A/H1N1,wk0,mRNA-1010,031,80
A/H1N1,wk4,Fluarix,001,113
A/H1N1,wk4,Fluarix,002,80
A/H1N1,wk4,Fluarix,005,226
A/H1N1,wk4,Fluarix,007,40
A/H1N1,wk4,Fluarix,009,160
A/H1N1,wk4,Fluarix,011,80
A/H1N1,wk4,Fluarix,016,160
A/H1N1,wk4,Fluarix,018,80
A/H1N1,wk4,Fluarix,019,320
A/H1N1,wk4,Fluarix,020,40
A/H1N1,wk4,Fluarix,022,40
A/H1N1,wk4,Fluarix,024,40
A/H1N1,wk4,Fluarix,026,80
A/H1N1,wk4,Fluarix,027,226
A/H1N1,wk4,Fluarix,032,28
A/H1N1,wk4,mRNA-1010,003,57
A/H1N1,wk4,mRNA-1010,006,160
A/H1N1,wk4,mRNA-1010,008,80
A/H1N1,wk4,mRNA-1010,010,160
A/H1N1,wk4,mRNA-1010,014,320
A/H1N1,wk4,mRNA-1010,015,160
A/H1N1,wk4,mRNA-1010,017,160
A/H1N1,wk4,mRNA-1010,021,80
A/H1N1,wk4,mRNA-1010,023,160
A/H1N1,wk4,mRNA-1010,025,40
A/H1N1,wk4,mRNA-1010,028,80
A/H1N1,wk4,mRNA-1010,029,226
A/H1N1,wk4,mRNA-1010,030,320
A/H1N1,wk4,mRNA-1010,031,320
A/H1N1,wk26,Fluarix,001,80
A/H1N1,wk26,Fluarix,002,57
A/H1N1,wk26,Fluarix,005,160
A/H1N1,wk26,Fluarix,007,40
A/H1N1,wk26,Fluarix,011,113
A/H1N1,wk26,Fluarix,016,226.27417
A/H1N1,wk26,Fluarix,019,226
A/H1N1,wk26,Fluarix,020,40
A/H1N1,wk26,Fluarix,022,40
A/H1N1,wk26,Fluarix,024,40
A/H1N1,wk26,Fluarix,026,40
A/H1N1,wk26,Fluarix,027,160
A/H1N1,wk26,Fluarix,032,28
A/H1N1,wk26,mRNA-1010,003,80
A/H1N1,wk26,mRNA-1010,006,80
A/H1N1,wk26,mRNA-1010,008,57
A/H1N1,wk26,mRNA-1010,014,160
A/H1N1,wk26,mRNA-1010,015,80
A/H1N1,wk26,mRNA-1010,017,57
A/H1N1,wk26,mRNA-1010,021,57
A/H1N1,wk26,mRNA-1010,025,10
A/H1N1,wk26,mRNA-1010,028,40
A/H1N1,wk26,mRNA-1010,029,80
A/H1N1,wk26,mRNA-1010,030,160
A/H1N1,wk26,mRNA-1010,031,160
A/H1N1,wk17,Fluarix,009,160
A/H1N1,wk17,Fluarix,018,160
A/H1N1,wk17,mRNA-1010,010,113
A/H1N1,wk17,mRNA-1010,023,80
A/H3N2,wk0,Fluarix,001,28
A/H3N2,wk0,Fluarix,002,40
A/H3N2,wk0,Fluarix,005,40
A/H3N2,wk0,Fluarix,007,40
A/H3N2,wk0,Fluarix,009,40
A/H3N2,wk0,Fluarix,011,40
A/H3N2,wk0,Fluarix,016,28
A/H3N2,wk0,Fluarix,018,20
A/H3N2,wk0,Fluarix,019,57
A/H3N2,wk0,Fluarix,020,40
A/H3N2,wk0,Fluarix,022,14
A/H3N2,wk0,Fluarix,024,57
A/H3N2,wk0,Fluarix,026,14
A/H3N2,wk0,Fluarix,027,57
A/H3N2,wk0,Fluarix,032,57
A/H3N2,wk0,mRNA-1010,003,10
A/H3N2,wk0,mRNA-1010,006,28
A/H3N2,wk0,mRNA-1010,008,20
A/H3N2,wk0,mRNA-1010,010,40
A/H3N2,wk0,mRNA-1010,014,40
A/H3N2,wk0,mRNA-1010,015,57
A/H3N2,wk0,mRNA-1010,017,20
A/H3N2,wk0,mRNA-1010,021,28
A/H3N2,wk0,mRNA-1010,023,57
A/H3N2,wk0,mRNA-1010,025,20
A/H3N2,wk0,mRNA-1010,028,113
A/H3N2,wk0,mRNA-1010,029,20
A/H3N2,wk0,mRNA-1010,030,28
A/H3N2,wk0,mRNA-1010,031,80
A/H3N2,wk4,Fluarix,001,113
A/H3N2,wk4,Fluarix,002,57
A/H3N2,wk4,Fluarix,005,57
A/H3N2,wk4,Fluarix,007,40
A/H3N2,wk4,Fluarix,009,80
A/H3N2,wk4,Fluarix,011,40
A/H3N2,wk4,Fluarix,016,40
A/H3N2,wk4,Fluarix,018,40
A/H3N2,wk4,Fluarix,019,80
A/H3N2,wk4,Fluarix,020,160
A/H3N2,wk4,Fluarix,022,14
A/H3N2,wk4,Fluarix,024,113
A/H3N2,wk4,Fluarix,026,20
A/H3N2,wk4,Fluarix,027,226
A/H3N2,wk4,Fluarix,032,40
A/H3N2,wk4,mRNA-1010,003,7
A/H3N2,wk4,mRNA-1010,006,40
A/H3N2,wk4,mRNA-1010,008,40
A/H3N2,wk4,mRNA-1010,010,40
A/H3N2,wk4,mRNA-1010,014,226
A/H3N2,wk4,mRNA-1010,015,80
A/H3N2,wk4,mRNA-1010,017,28
A/H3N2,wk4,mRNA-1010,021,28
A/H3N2,wk4,mRNA-1010,023,113
A/H3N2,wk4,mRNA-1010,025,20
A/H3N2,wk4,mRNA-1010,028,160
A/H3N2,wk4,mRNA-1010,029,28
A/H3N2,wk4,mRNA-1010,030,80
A/H3N2,wk4,mRNA-1010,031,640
A/H3N2,wk26,Fluarix,001,40
A/H3N2,wk26,Fluarix,002,40
A/H3N2,wk26,Fluarix,005,40
A/H3N2,wk26,Fluarix,007,20
A/H3N2,wk26,Fluarix,011,40
A/H3N2,wk26,Fluarix,016,28
A/H3N2,wk26,Fluarix,019,113
A/H3N2,wk26,Fluarix,020,80
A/H3N2,wk26,Fluarix,022,28
A/H3N2,wk26,Fluarix,024,80
A/H3N2,wk26,Fluarix,026,20
A/H3N2,wk26,Fluarix,027,160
A/H3N2,wk26,Fluarix,032,40
A/H3N2,wk26,mRNA-1010,003,20
A/H3N2,wk26,mRNA-1010,006,20
A/H3N2,wk26,mRNA-1010,008,20
A/H3N2,wk26,mRNA-1010,014,113
A/H3N2,wk26,mRNA-1010,015,57
A/H3N2,wk26,mRNA-1010,017,20
A/H3N2,wk26,mRNA-1010,021,20
A/H3N2,wk26,mRNA-1010,025,20
A/H3N2,wk26,mRNA-1010,028,40
A/H3N2,wk26,mRNA-1010,029,20
A/H3N2,wk26,mRNA-1010,030,80
A/H3N2,wk26,mRNA-1010,031,320
A/H3N2,wk17,Fluarix,009,57
A/H3N2,wk17,Fluarix,018,28
A/H3N2,wk17,mRNA-1010,010,40
A/H3N2,wk17,mRNA-1010,023,57
B/Yam,wk0,Fluarix,001,80
B/Yam,wk0,Fluarix,002,28
B/Yam,wk0,Fluarix,005,80
B/Yam,wk0,Fluarix,007,80
B/Yam,wk0,Fluarix,009,113
B/Yam,wk0,Fluarix,011,57
B/Yam,wk0,Fluarix,016,80
B/Yam,wk0,Fluarix,018,160
B/Yam,wk0,Fluarix,019,113
B/Yam,wk0,Fluarix,020,80
B/Yam,wk0,Fluarix,022,40
B/Yam,wk0,Fluarix,024,80
B/Yam,wk0,Fluarix,026,57
B/Yam,wk0,Fluarix,027,160
B/Yam,wk0,Fluarix,032,57
B/Yam,wk0,mRNA-1010,003,40
B/Yam,wk0,mRNA-1010,006,28
B/Yam,wk0,mRNA-1010,008,57
B/Yam,wk0,mRNA-1010,010,80
B/Yam,wk0,mRNA-1010,014,113
B/Yam,wk0,mRNA-1010,015,80
B/Yam,wk0,mRNA-1010,017,80
B/Yam,wk0,mRNA-1010,021,113
B/Yam,wk0,mRNA-1010,023,160
B/Yam,wk0,mRNA-1010,025,80
B/Yam,wk0,mRNA-1010,028,40
B/Yam,wk0,mRNA-1010,029,28
B/Yam,wk0,mRNA-1010,030,28
B/Yam,wk0,mRNA-1010,031,160
B/Yam,wk4,Fluarix,001,40
B/Yam,wk4,Fluarix,002,40
B/Yam,wk4,Fluarix,005,113
B/Yam,wk4,Fluarix,007,80
B/Yam,wk4,Fluarix,009,160
B/Yam,wk4,Fluarix,011,160
B/Yam,wk4,Fluarix,016,80
B/Yam,wk4,Fluarix,018,160
B/Yam,wk4,Fluarix,019,453
B/Yam,wk4,Fluarix,020,80
B/Yam,wk4,Fluarix,022,80
B/Yam,wk4,Fluarix,024,160
B/Yam,wk4,Fluarix,026,57
B/Yam,wk4,Fluarix,027,113
B/Yam,wk4,Fluarix,032,57
B/Yam,wk4,mRNA-1010,003,40
B/Yam,wk4,mRNA-1010,006,40
B/Yam,wk4,mRNA-1010,008,80
B/Yam,wk4,mRNA-1010,010,80
B/Yam,wk4,mRNA-1010,014,160
B/Yam,wk4,mRNA-1010,015,113
B/Yam,wk4,mRNA-1010,017,80
B/Yam,wk4,mRNA-1010,021,160
B/Yam,wk4,mRNA-1010,023,160
B/Yam,wk4,mRNA-1010,025,80
B/Yam,wk4,mRNA-1010,028,80
B/Yam,wk4,mRNA-1010,029,40
B/Yam,wk4,mRNA-1010,030,80
B/Yam,wk4,mRNA-1010,031,226
B/Yam,wk26,Fluarix,001,40
B/Yam,wk26,Fluarix,002,40
B/Yam,wk26,Fluarix,005,160
B/Yam,wk26,Fluarix,007,80
B/Yam,wk26,Fluarix,011,40
B/Yam,wk26,Fluarix,016,80
B/Yam,wk26,Fluarix,019,320
B/Yam,wk26,Fluarix,020,80
B/Yam,wk26,Fluarix,022,80
B/Yam,wk26,Fluarix,024,80
B/Yam,wk26,Fluarix,026,80
B/Yam,wk26,Fluarix,027,160
B/Yam,wk26,Fluarix,032,40
B/Yam,wk26,mRNA-1010,003,80
B/Yam,wk26,mRNA-1010,006,40
B/Yam,wk26,mRNA-1010,008,80
B/Yam,wk26,mRNA-1010,014,113
B/Yam,wk26,mRNA-1010,015,40
B/Yam,wk26,mRNA-1010,017,80
B/Yam,wk26,mRNA-1010,021,113
B/Yam,wk26,mRNA-1010,025,57
B/Yam,wk26,mRNA-1010,028,57
B/Yam,wk26,mRNA-1010,029,14
B/Yam,wk26,mRNA-1010,030,80
B/Yam,wk26,mRNA-1010,031,160
B/Yam,wk17,Fluarix,009,160
B/Yam,wk17,Fluarix,018,288
B/Yam,wk17,mRNA-1010,010,113
B/Yam,wk17,mRNA-1010,023,160
B/Vic,wk0,Fluarix,001,40
B/Vic,wk0,Fluarix,002,80
B/Vic,wk0,Fluarix,005,40
B/Vic,wk0,Fluarix,007,80
B/Vic,wk0,Fluarix,009,80
B/Vic,wk0,Fluarix,011,40
B/Vic,wk0,Fluarix,016,57
B/Vic,wk0,Fluarix,018,57
B/Vic,wk0,Fluarix,019,57
B/Vic,wk0,Fluarix,020,20
B/Vic,wk0,Fluarix,022,80
B/Vic,wk0,Fluarix,024,28
B/Vic,wk0,Fluarix,026,80
B/Vic,wk0,Fluarix,027,40
B/Vic,wk0,Fluarix,032,28
B/Vic,wk0,mRNA-1010,003,28
B/Vic,wk0,mRNA-1010,006,20
B/Vic,wk0,mRNA-1010,008,160
B/Vic,wk0,mRNA-1010,010,57
B/Vic,wk0,mRNA-1010,014,453
B/Vic,wk0,mRNA-1010,015,40
B/Vic,wk0,mRNA-1010,017,28
B/Vic,wk0,mRNA-1010,021,113
B/Vic,wk0,mRNA-1010,023,20
B/Vic,wk0,mRNA-1010,025,57
B/Vic,wk0,mRNA-1010,028,40
B/Vic,wk0,mRNA-1010,029,20
B/Vic,wk0,mRNA-1010,030,80
B/Vic,wk4,Fluarix,001,40
B/Vic,wk4,Fluarix,002,57
B/Vic,wk4,Fluarix,005,40
B/Vic,wk4,Fluarix,007,57
B/Vic,wk4,Fluarix,009,80
B/Vic,wk4,Fluarix,011,226
B/Vic,wk4,Fluarix,016,40
B/Vic,wk4,Fluarix,018,80
B/Vic,wk4,Fluarix,019,40
B/Vic,wk4,Fluarix,020,40
B/Vic,wk4,Fluarix,022,113
B/Vic,wk4,Fluarix,024,20
B/Vic,wk4,Fluarix,026,80
B/Vic,wk4,Fluarix,027,28
B/Vic,wk4,Fluarix,032,20
B/Vic,wk4,mRNA-1010,003,40
B/Vic,wk4,mRNA-1010,006,20
B/Vic,wk4,mRNA-1010,008,80
B/Vic,wk4,mRNA-1010,010,57
B/Vic,wk4,mRNA-1010,014,226
B/Vic,wk4,mRNA-1010,015,80
B/Vic,wk4,mRNA-1010,017,28
B/Vic,wk4,mRNA-1010,021,160
B/Vic,wk4,mRNA-1010,023,28
B/Vic,wk4,mRNA-1010,025,40
B/Vic,wk4,mRNA-1010,028,28
B/Vic,wk4,mRNA-1010,029,40
B/Vic,wk4,mRNA-1010,030,160
B/Vic,wk26,Fluarix,001,40
B/Vic,wk26,Fluarix,002,40
B/Vic,wk26,Fluarix,005,28
B/Vic,wk26,Fluarix,009,80
B/Vic,wk26,Fluarix,011,40
B/Vic,wk26,Fluarix,018,80
B/Vic,wk26,Fluarix,019,57
B/Vic,wk26,Fluarix,020,57
B/Vic,wk26,Fluarix,022,160
B/Vic,wk26,Fluarix,024,20
B/Vic,wk26,Fluarix,026,113
B/Vic,wk26,Fluarix,027,28
B/Vic,wk26,Fluarix,032,20
B/Vic,wk26,mRNA-1010,003,28
B/Vic,wk26,mRNA-1010,006,14
B/Vic,wk26,mRNA-1010,010,160
B/Vic,wk26,mRNA-1010,014,113
B/Vic,wk26,mRNA-1010,015,40
B/Vic,wk26,mRNA-1010,017,80
B/Vic,wk26,mRNA-1010,023,14
B/Vic,wk26,mRNA-1010,025,57
B/Vic,wk26,mRNA-1010,028,20
B/Vic,wk26,mRNA-1010,029,113
B/Vic,wk26,mRNA-1010,030,160
B/Vic,wk17,Fluarix,007,57
B/Vic,wk17,Fluarix,016,113
B/Vic,wk17,mRNA-1010,008,113
B/Vic,wk17,mRNA-1010,021,80
