antigen,arm,participant,fold_change
H1,mRNA-1010,003,11.85185
H1,mRNA-1010,006,4.444444
H1,mRNA-1010,008,1
H1,mRNA-1010,010,4.444444
H1,mRNA-1010,014,1
H1,mRNA-1010,015,16.2963
H1,mRNA-1010,017,1
H1,mRNA-1010,021,1
H1,mRNA-1010,023,8.888889
H1,mRNA-1010,025,1
H1,mRNA-1010,028,1
H1,mRNA-1010,029,1
H1,mRNA-1010,030,1
H1,mRNA-1010,031,1
H1,Fluarix,001,13.33333
H1,Fluarix,002,1
H1,Fluarix,005,191.1111
H1,Fluarix,007,1
H1,Fluarix,009,4.444444
H1,Fluarix,011,1
H1,Fluarix,016,1
H1,Fluarix,018,1
H1,Fluarix,019,42.96296
H1,Fluarix,20,1
H1,Fluarix,022,26.66667
H1,Fluarix,024,17.77778
H1,Fluarix,026,1
H1,Fluarix,027,4.444444
H1,Fluarix,032,1
H3,mRNA-1010,003,1
H3,mRNA-1010,006,1
H3,mRNA-1010,008,1
H3,mRNA-1010,010,2.962963
H3,mRNA-1010,014,1
H3,mRNA-1010,015,17.77778
H3,mRNA-1010,017,1
H3,mRNA-1010,021,1
H3,mRNA-1010,023,29.62963
H3,mRNA-1010,025,1
H3,mRNA-1010,028,1
H3,mRNA-1010,029,2.962963
H3,mRNA-1010,030,1
H3,mRNA-1010,031,1
H3,Fluarix,001,2.962963
H3,Fluarix,002,1
H3,Fluarix,005,204.4444
H3,Fluarix,007,5.925926
H3,Fluarix,009,4.444444
H3,Fluarix,011,2.962963
H3,Fluarix,016,8.888889
H3,Fluarix,018,2.962963
H3,Fluarix,019,19.25926
H3,Fluarix,20,1
H3,Fluarix,022,29.62963
H3,Fluarix,024,22.22222
H3,Fluarix,026,2.962963
H3,Fluarix,027,2.962963
H3,Fluarix,032,1
B/Yam,mRNA-1010,003,2.962963
B/Yam,mRNA-1010,006,8.888889
B/Yam,mRNA-1010,008,1
B/Yam,mRNA-1010,010,1
B/Yam,mRNA-1010,014,1
B/Yam,mRNA-1010,015,4.444444
B/Yam,mRNA-1010,017,10.37037
B/Yam,mRNA-1010,021,1
B/Yam,mRNA-1010,023,8.888889
B/Yam,mRNA-1010,025,1
B/Yam,mRNA-1010,028,1
B/Yam,mRNA-1010,029,1
B/Yam,mRNA-1010,030,1
B/Yam,mRNA-1010,031,1
B/Yam,Fluarix,001,10.37037
B/Yam,Fluarix,002,1
B/Yam,Fluarix,005,211.8519
B/Yam,Fluarix,007,2.962963
B/Yam,Fluarix,009,1
B/Yam,Fluarix,011,19.25926
B/Yam,Fluarix,016,2.962963
B/Yam,Fluarix,018,1
B/Yam,Fluarix,019,23.7037
B/Yam,Fluarix,20,1
B/Yam,Fluarix,022,25.18519
B/Yam,Fluarix,024,38.51852
B/Yam,Fluarix,026,2.962963
B/Yam,Fluarix,027,10.37037
B/Yam,Fluarix,032,1
B/Vic,mRNA-1010,003,17.77778
B/Vic,mRNA-1010,006,1
B/Vic,mRNA-1010,008,1
B/Vic,mRNA-1010,010,1
B/Vic,mRNA-1010,014,1
B/Vic,mRNA-1010,015,8.888889
B/Vic,mRNA-1010,017,1
B/Vic,mRNA-1010,021,1
B/Vic,mRNA-1010,023,2.962963
B/Vic,mRNA-1010,025,1
B/Vic,mRNA-1010,028,1
B/Vic,mRNA-1010,029,1
B/Vic,mRNA-1010,030,1
B/Vic,mRNA-1010,031,1
B/Vic,Fluarix,001,7.407407
B/Vic,Fluarix,002,1
B/Vic,Fluarix,005,165.9259
B/Vic,Fluarix,007,1
B/Vic,Fluarix,009,2.962963
B/Vic,Fluarix,011,1
B/Vic,Fluarix,016,2.962963
B/Vic,Fluarix,018,4.444444
B/Vic,Fluarix,019,29.62963
B/Vic,Fluarix,20,1
B/Vic,Fluarix,022,20.74074
B/Vic,Fluarix,024,10.37037
B/Vic,Fluarix,026,1
B/Vic,Fluarix,027,14.81481
B/Vic,Fluarix,032,1
