metric,arm,value
pct_pre_existing_abundance,mRNA-1010,80.19872
pct_pre_existing_abundance,Fluarix,85.27675
pct_pre_existing_abundance,mRNA-1010,59.7756
pct_pre_existing_abundance,Fluarix,87.59426
pct_pre_existing_abundance,mRNA-1010,97.31906
pct_pre_existing_abundance,Fluarix,58.97045
pct_pre_existing_abundance,mRNA-1010,72.08429
pct_pre_existing_abundance,Fluarix,98.5057
pct_pre_existing_abundance,mRNA-1010,97.50315
pct_pre_existing_abundance,Fluarix,89.89785
pct_pre_existing_abundance,mRNA-1010,83.6928
pct_pre_existing_abundance,Fluarix,94.01219
pct_pre_existing_abundance,mRNA-1010,90.21337
pct_pre_existing_abundance,Fluarix,98.22015
pct_pre_existing_abundance,mRNA-1010,90.2808
pct_pre_existing_abundance,Fluarix,77.37863
n_pre_existing_clonotypes,mRNA-1010,86
n_pre_existing_clonotypes,Fluarix,125
n_pre_existing_clonotypes,mRNA-1010,52
n_pre_existing_clonotypes,Fluarix,51
n_pre_existing_clonotypes,mRNA-1010,67
n_pre_existing_clonotypes,Fluarix,46
n_pre_existing_clonotypes,mRNA-1010,76
n_pre_existing_clonotypes,Fluarix,74
n_pre_existing_clonotypes,mRNA-1010,109
n_pre_existing_clonotypes,Fluarix,61
n_pre_existing_clonotypes,mRNA-1010,54
n_pre_existing_clonotypes,Fluarix,68
n_pre_existing_clonotypes,mRNA-1010,73
n_pre_existing_clonotypes,Fluarix,115
n_pre_existing_clonotypes,mRNA-1010,61
n_pre_existing_clonotypes,Fluarix,64
n_vaccine_elicited_clonotypes,mRNA-1010,45
n_vaccine_elicited_clonotypes,Fluarix,22
n_vaccine_elicited_clonotypes,mRNA-1010,35
n_vaccine_elicited_clonotypes,Fluarix,14
n_vaccine_elicited_clonotypes,mRNA-1010,33
n_vaccine_elicited_clonotypes,Fluarix,22
n_vaccine_elicited_clonotypes,mRNA-1010,17
n_vaccine_elicited_clonotypes,Fluarix,21
n_vaccine_elicited_clonotypes,mRNA-1010,52
n_vaccine_elicited_clonotypes,Fluarix,8
n_vaccine_elicited_clonotypes,mRNA-1010,19
n_vaccine_elicited_clonotypes,Fluarix,6
n_vaccine_elicited_clonotypes,mRNA-1010,24
n_vaccine_elicited_clonotypes,Fluarix,12
n_vaccine_elicited_clonotypes,mRNA-1010,31
n_vaccine_elicited_clonotypes,Fluarix,56
