timepoint,arm,n_clonotypes
wk0,mRNA-1010,86
wk0,mRNA-1010,52
wk0,mRNA-1010,67
wk0,mRNA-1010,76
wk0,mRNA-1010,109
wk0,mRNA-1010,54
wk0,mRNA-1010,73
wk0,mRNA-1010,61
wk0,Fluarix,125
wk0,Fluarix,51
wk0,Fluarix,46
wk0,Fluarix,74
wk0,Fluarix,61
wk0,Fluarix,68
wk0,Fluarix,115
wk0,Fluarix,64
wk4,mRNA-1010,107
wk4,mRNA-1010,131
wk4,mRNA-1010,100
wk4,mRNA-1010,94
wk4,mRNA-1010,157
wk4,mRNA-1010,88
wk4,mRNA-1010,93
wk4,mRNA-1010,95
wk4,Fluarix,104
wk4,Fluarix,50
wk4,Fluarix,59
wk4,Fluarix,78
wk4,Fluarix,74
wk4,Fluarix,69
wk4,Fluarix,88
wk4,Fluarix,89
wk17,mRNA-1010,83
wk17,Fluarix,60
wk26,mRNA-1010,102
wk26,mRNA-1010,72
wk26,mRNA-1010,84
wk26,mRNA-1010,65
wk26,mRNA-1010,130
wk26,mRNA-1010,65
wk26,mRNA-1010,85
wk26,Fluarix,83
wk26,Fluarix,61
wk26,Fluarix,72
wk26,Fluarix,37
wk26,Fluarix,55
wk26,Fluarix,96
wk26,Fluarix,70
